room_id,rating,city,contextualPicturesCount,lat,long,listingObjType,name,roomTypeCategory,reviewCount,canInstantBook,price,maxGuestCapacity,SYSTEM_COOKING_BASICS,SYSTEM_WI_FI,SYSTEM_TV,SYSTEM_DRYER,SYSTEM_SNOWFLAKE,SYSTEM_PATIO_BALCONY,SYSTEM_HAIRDRYER,SYSTEM_REFRIGERATOR,SYSTEM_NO_DETECTOR_CO2,SYSTEM_NO_DETECTOR_SMOKE,SYSTEM_WORKSPACE,SYSTEM_ELEVATOR,SYSTEM_SURVEILLANCE,isSuperHost,isVerified,yearHosting,SYSTEM_MAPS_CAR_RENTAL,SYSTEM_JACUZZI,SYSTEM_BATHTUB,SYSTEM_NO_LOCK_ON_DOOR,SYSTEM_LOCK_ON_DOOR,SYSTEM_VIEW_OCEAN,SYSTEM_WASHER,SYSTEM_PETS,SYSTEM_VIEW_CITY,SYSTEM_EV_CHARGER,SYSTEM_HIGH_CHAIR,SYSTEM_CRIB,SYSTEM_SMOKING_ALLOWED,SYSTEM_FLOWER,SYSTEM_LUGGAGE_DROP,SYSTEM_FIREPLACE,SYSTEM_SAUNA,SYSTEM_MICROWAVE,SYSTEM_POOL,SYSTEM_CALENDAR,SYSTEM_BREAKFAST
653914407593700547,4.5,hanoi,9,21.02908,105.84633,REGULAR,CƒÉn h·ªô C·ª´u_5 ph√∫t ƒë·∫øn Nh√† th·ªù L·ªõn,private_room,4,0,407126,2.0,1.0,1.0,1.0,1.0,1.0,1.0,1.0,1.0,0.0,0.0,2.0,2.0,2.0,0.0,0.0,0.0,2.0,2.0,2.0,2.0,2.0,2.0,2.0,2.0,2.0,2.0,2.0,2.0,2.0,2.0,2.0,2.0,2.0,2.0,2.0,2.0,2.0
555656581000472665,4.4,hanoi,10,21.04691,105.84154,REGULAR,CƒÉn h·ªô ban c√¥ng phong c√°ch H·ªì Tr√∫c B·∫°ch 1 ph√∫t,entire_home,35,0,488050,2.0,1.0,1.0,1.0,2.0,1.0,1.0,2.0,2.0,0.0,0.0,1.0,1.0,1.0,0.0,0.0,0.0,2.0,2.0,2.0,2.0,2.0,2.0,2.0,2.0,2.0,2.0,2.0,2.0,2.0,2.0,2.0,2.0,2.0,2.0,2.0,2.0,2.0
932989515764395215,0.0,hanoi,19,21.0341811,105.8329803,REGULAR,Le Petit * 5min to BaDinhsquare,private_room,1,0,440850,2.0,2.0,1.0,1.0,2.0,1.0,2.0,1.0,2.0,0.0,0.0,2.0,2.0,2.0,0.0,1.0,5.0,1.0,1.0,1.0,0.0,2.0,2.0,2.0,2.0,2.0,2.0,2.0,2.0,2.0,2.0,2.0,2.0,2.0,2.0,2.0,2.0,2.0
34050367,4.76,hanoi,30,21.03493,105.85111,REGULAR,Trang ch·ªß c·ªßa Tr·∫ßn - ANORAMA/Ch·∫ø ƒë·ªô xem ƒë·∫∑c bi·ªát t·∫°i Qtr C≈©,private_room,131,0,416667,2.0,2.0,1.0,1.0,2.0,1.0,2.0,1.0,2.0,0.0,0.0,1.0,1.0,2.0,0.0,1.0,5.0,2.0,2.0,2.0,2.0,1.0,1.0,2.0,2.0,2.0,2.0,2.0,2.0,2.0,2.0,2.0,2.0,2.0,2.0,2.0,2.0,2.0
737539223434077240,4.83,hanoi,11,21.02056,105.8605,REGULAR,√Ånh s√°ng m·∫∑t tr·ªùi t·ª± nhi√™n ·ªü Ho√†n Ki·∫øm,private_room,24,0,362466,2.0,1.0,1.0,1.0,2.0,1.0,2.0,1.0,2.0,0.0,2.0,1.0,2.0,1.0,0.0,1.0,0.9166666666666666,2.0,2.0,2.0,2.0,1.0,2.0,1.0,2.0,2.0,2.0,2.0,2.0,2.0,2.0,2.0,2.0,2.0,2.0,2.0,2.0,2.0
759894198636603523,5.0,hanoi,25,21.0473528,105.8079001,REGULAR,Cozy room close to the center but quiet,private_room,6,0,278860,2.0,1.0,2.0,1.0,2.0,1.0,1.0,2.0,2.0,0.0,0.0,1.0,2.0,2.0,0.0,0.0,0.0,1.0,2.0,2.0,2.0,2.0,2.0,1.0,1.0,2.0,2.0,2.0,2.0,2.0,2.0,2.0,2.0,2.0,2.0,2.0,2.0,2.0
928201493480798167,0.0,hanoi,8,21.0353569,105.8108514,REGULAR,-25% The apartment has a nice view next to the bed,private_room,0,0,502118,2.0,1.0,1.0,1.0,2.0,2.0,2.0,2.0,2.0,2.0,2.0,1.0,1.0,1.0,0.0,0.0,0.0,1.0,2.0,2.0,2.0,2.0,2.0,1.0,2.0,1.0,1.0,2.0,2.0,2.0,2.0,2.0,2.0,2.0,2.0,2.0,2.0,2.0
929994321818418141,0.0,hanoi,7,21.034751692290822,105.79546683947677,REGULAR,Delightful amoureux ch√πa h√†,entire_home,0,0,485600,2.0,1.0,1.0,1.0,1.0,1.0,2.0,2.0,2.0,2.0,2.0,1.0,2.0,1.0,0.0,0.0,0.0,1.0,2.0,2.0,2.0,2.0,2.0,1.0,1.0,2.0,2.0,2.0,2.0,2.0,2.0,2.0,2.0,2.0,2.0,2.0,2.0,2.0
856795244392164498,4.5,hanoi,6,21.0485115,105.8779099,REGULAR,La Vera @10 ph√∫t ƒë·∫øn Khu ph·ªë c·ªï,private_room,4,0,436513,2.0,1.0,1.0,1.0,2.0,1.0,1.0,2.0,2.0,0.0,0.0,2.0,1.0,2.0,0.0,1.0,5.0,2.0,2.0,2.0,2.0,1.0,2.0,2.0,2.0,2.0,2.0,1.0,2.0,2.0,2.0,2.0,2.0,2.0,2.0,2.0,2.0,2.0
19884490,4.87,hanoi,14,21.03382,105.82192,REGULAR,CƒÉn h·ªô 4C 3,private_room,31,0,269829,1.0,1.0,1.0,1.0,2.0,1.0,1.0,2.0,2.0,0.0,0.0,2.0,2.0,2.0,0.0,0.0,0.0,1.0,2.0,2.0,2.0,2.0,1.0,1.0,2.0,2.0,2.0,2.0,2.0,2.0,2.0,2.0,2.0,2.0,2.0,2.0,2.0,2.0
870795438399690443,4.6,hanoi,9,21.0330920230069,105.81121545284986,REGULAR,studio near west lake and lotte badinh,private_room,5,0,440168,2.0,1.0,1.0,1.0,2.0,1.0,2.0,2.0,2.0,2.0,2.0,1.0,2.0,1.0,0.0,1.0,0.8333333333333334,2.0,1.0,2.0,2.0,1.0,2.0,1.0,1.0,2.0,2.0,2.0,2.0,2.0,2.0,2.0,2.0,2.0,2.0,2.0,2.0,2.0
685220543219968997,4.52,hanoi,17,21.03,105.85084,REGULAR,"!!!Condo in center Old Quarter, Cathedral, Ho Guom",private_room,33,0,385546,2.0,2.0,1.0,2.0,2.0,1.0,1.0,1.0,2.0,2.0,2.0,1.0,2.0,2.0,0.0,0.0,0.0,1.0,2.0,2.0,2.0,2.0,2.0,1.0,1.0,2.0,2.0,2.0,1.0,1.0,2.0,2.0,2.0,2.0,2.0,2.0,2.0,2.0
17859872,4.7,hanoi,19,21.03071,105.85664,REGULAR,CƒÉn h·ªô trung t√¢m ho√†n h·∫£o - Khu ph·ªë c·ªï H√† N·ªôi,entire_home,109,0,397674,2.0,2.0,1.0,1.0,2.0,1.0,1.0,2.0,2.0,0.0,2.0,2.0,2.0,2.0,0.0,0.0,0.0,1.0,2.0,2.0,2.0,2.0,1.0,2.0,2.0,1.0,1.0,2.0,2.0,2.0,1.0,2.0,2.0,2.0,2.0,2.0,2.0,2.0
29223931,4.67,hanoi,30,21.078716278076172,105.81829833984375,REGULAR,Cozy studio apt in a peaceful alley near West Lake,entire_home,6,0,343018,2.0,1.0,1.0,1.0,2.0,2.0,2.0,2.0,2.0,0.0,0.0,1.0,2.0,2.0,0.0,0.0,0.0,1.0,1.0,2.0,2.0,2.0,2.0,2.0,1.0,2.0,2.0,2.0,2.0,2.0,1.0,2.0,2.0,2.0,2.0,2.0,2.0,2.0
45868684,4.73,hanoi,7,21.01805,105.84219,REGULAR,CƒÉn h·ªô ki·ªÉu‚úØ Ph√°p Lagom Homestay Ph√≤ng‚úØ y√™n tƒ©nh,entire_home,117,0,488424,3.0,1.0,1.0,2.0,1.0,1.0,1.0,1.0,1.0,0.0,0.0,2.0,2.0,2.0,0.0,0.0,0.0,1.0,2.0,2.0,2.0,2.0,2.0,2.0,2.0,2.0,2.0,2.0,2.0,2.0,2.0,2.0,2.0,2.0,2.0,2.0,2.0,2.0
39703917,4.52,hanoi,30,21.03322,105.84527,REGULAR,Khu ph·ªë c·ªï / PINKY HOME/ {Orchid garden Hanoi},entire_home,58,0,325248,2.0,1.0,1.0,1.0,2.0,1.0,2.0,2.0,2.0,0.0,0.0,1.0,2.0,2.0,0.0,0.0,0.0,1.0,2.0,2.0,2.0,2.0,2.0,1.0,2.0,2.0,2.0,2.0,2.0,2.0,2.0,1.0,2.0,2.0,2.0,2.0,2.0,2.0
843003673111080657,4.86,hanoi,11,21.0325882,105.8091932,REGULAR,CƒÇN H·ªò 1 ph√≤ng ng·ªß/S√°ng s·ªßa & ·∫§m c√∫ng/Trung t√¢m Lotte g·∫ßn ƒë√≥,entire_home,7,0,458488,2.0,1.0,1.0,1.0,2.0,1.0,2.0,2.0,2.0,0.0,2.0,2.0,2.0,2.0,0.0,0.0,0.0,2.0,2.0,2.0,2.0,2.0,2.0,1.0,2.0,2.0,2.0,2.0,2.0,2.0,2.0,2.0,2.0,2.0,2.0,2.0,2.0,2.0
44426054,4.28,hanoi,30,21.02199,105.85323,REGULAR,LUXHOME3_Y√™n tƒ©nh_BigBacony4 ph√∫t ƒë·∫øn H·ªì Ho√†n Ki·∫øm,entire_home,25,0,368000,2.0,1.0,1.0,2.0,2.0,1.0,1.0,1.0,2.0,0.0,0.0,1.0,2.0,2.0,0.0,0.0,0.0,2.0,2.0,2.0,2.0,2.0,1.0,2.0,2.0,2.0,2.0,2.0,2.0,2.0,2.0,2.0,1.0,2.0,2.0,2.0,2.0,2.0
680107379033087125,4.67,hanoi,16,21.0295,105.84718,REGULAR,CƒÉn h·ªô s·ªë1 ph√∫t ƒë·∫øn Nh√† th·ªù Vogue,private_room,6,0,470292,2.0,1.0,1.0,1.0,2.0,1.0,1.0,2.0,2.0,2.0,2.0,1.0,2.0,2.0,0.0,1.0,5.0,2.0,2.0,2.0,2.0,1.0,2.0,2.0,1.0,2.0,2.0,1.0,2.0,2.0,2.0,2.0,1.0,2.0,2.0,2.0,2.0,2.0
689028118821448942,4.17,hanoi,7,21.031150991920715,105.84999397605745,REGULAR,"Lovelycondo center Old Quarter, Ta Hien, Cathedral",private_room,24,0,276792,2.0,2.0,1.0,2.0,2.0,1.0,1.0,1.0,2.0,2.0,2.0,1.0,2.0,2.0,0.0,0.0,0.0,2.0,2.0,2.0,2.0,2.0,2.0,1.0,1.0,1.0,2.0,2.0,1.0,2.0,1.0,2.0,2.0,2.0,2.0,2.0,2.0,2.0
566330153536937646,0.0,hanoi,9,21.02895,105.83914,REGULAR,Nh√† trung t√¢m ph·ªë c·ªï v√† c√°c ƒëi·ªÉm du l·ªãch.@.@,entire_home,0,0,429083,3.0,2.0,1.0,1.0,2.0,1.0,2.0,1.0,2.0,0.0,0.0,1.0,2.0,2.0,0.0,0.0,0.0,2.0,2.0,2.0,2.0,2.0,2.0,2.0,2.0,2.0,2.0,2.0,2.0,2.0,2.0,2.0,2.0,2.0,2.0,2.0,2.0,2.0
35467582,4.81,hanoi,26,21.03154,105.82352,REGULAR,CƒÉn h·ªô m·ªôt gi∆∞·ªùng ·∫•m c√∫ng - studio @HanoiBui 'sHomflix,entire_home,37,0,275777,6.0,1.0,1.0,1.0,2.0,1.0,1.0,2.0,2.0,0.0,0.0,1.0,2.0,1.0,0.0,0.0,0.0,2.0,2.0,2.0,2.0,2.0,2.0,1.0,2.0,2.0,2.0,2.0,2.0,2.0,2.0,2.0,2.0,2.0,2.0,2.0,2.0,2.0
41188415,4.92,hanoi,25,21.01107,105.86069,REGULAR,Ban c√¥ng/2.netflix/wash/dry/Airportcar/Topferbed,entire_home,13,0,431752,2.0,1.0,1.0,1.0,2.0,2.0,2.0,2.0,2.0,0.0,0.0,1.0,2.0,1.0,0.0,0.0,0.0,1.0,2.0,2.0,2.0,2.0,2.0,2.0,1.0,1.0,2.0,2.0,2.0,2.0,2.0,2.0,2.0,2.0,2.0,2.0,2.0,2.0
665790698932957015,4.5,hanoi,8,21.03209,105.77483,REGULAR,"CƒÉn h·ªô t∆∞∆°i m·ªõi t·∫°i M·ªπ ƒê√¨nh, H√† N·ªôi",private_room,4,0,288633,2.0,1.0,1.0,2.0,1.0,2.0,2.0,2.0,2.0,0.0,0.0,1.0,2.0,1.0,0.0,1.0,1.0,1.0,2.0,2.0,2.0,1.0,2.0,1.0,2.0,2.0,2.0,2.0,2.0,2.0,2.0,2.0,2.0,2.0,2.0,2.0,2.0,2.0
869123381804676338,5.0,hanoi,9,21.0366068,105.8756782,REGULAR,Ph√≤ng ri√™ng trong nh√† s√¢n v∆∞·ªùn,private_room,4,0,289978,2.0,1.0,1.0,2.0,2.0,2.0,2.0,2.0,2.0,0.0,0.0,1.0,2.0,1.0,0.0,1.0,0.25,1.0,2.0,2.0,2.0,1.0,1.0,1.0,2.0,2.0,2.0,2.0,2.0,2.0,2.0,2.0,2.0,2.0,2.0,2.0,2.0,2.0
865932613451179787,4.6,hanoi,9,21.033684,105.8473817,REGULAR,Kome Inn - Jade Studio  *Center Old Quarter*,private_room,5,0,361447,2.0,1.0,1.0,1.0,2.0,2.0,2.0,2.0,2.0,2.0,2.0,1.0,2.0,1.0,0.0,1.0,0.16666666666666666,1.0,2.0,2.0,2.0,1.0,2.0,1.0,1.0,2.0,2.0,2.0,2.0,2.0,2.0,2.0,2.0,1.0,2.0,2.0,2.0,2.0
935904934860884804,0.0,hanoi,13,21.02452824139229,105.84170647046994,REGULAR,Room watching Hanoi Station,private_room,0,0,410042,2.0,1.0,1.0,1.0,2.0,1.0,2.0,2.0,1.0,0.0,0.0,2.0,2.0,1.0,0.0,0.0,0.0,2.0,2.0,2.0,2.0,2.0,2.0,1.0,2.0,2.0,2.0,2.0,2.0,2.0,2.0,2.0,2.0,2.0,1.0,2.0,2.0,2.0
770925754538389296,4.67,hanoi,10,21.02249,105.86097,REGULAR,"·∫§m c√∫ng, √°nh s√°ng m·∫∑t tr·ªùi 1br ·ªü Ho√†n Ki·∫øm",private_room,18,0,380177,2.0,1.0,1.0,1.0,2.0,1.0,2.0,2.0,2.0,0.0,2.0,1.0,2.0,1.0,0.0,1.0,0.9166666666666666,2.0,2.0,2.0,2.0,1.0,2.0,1.0,2.0,2.0,2.0,2.0,2.0,2.0,2.0,1.0,2.0,2.0,2.0,2.0,2.0,2.0
865009784625368046,5.0,hanoi,6,21.0333701,105.811266,REGULAR,1 studio near westlake and Lotte Bƒêinh,private_room,4,0,325235,2.0,1.0,1.0,1.0,2.0,2.0,2.0,2.0,2.0,0.0,2.0,1.0,2.0,1.0,0.0,1.0,0.8333333333333334,1.0,1.0,2.0,2.0,1.0,2.0,2.0,1.0,2.0,2.0,2.0,2.0,2.0,2.0,2.0,2.0,2.0,2.0,2.0,2.0,2.0
784638738240140393,4.85,hanoi,30,21.06647260036268,105.82533603933919,REGULAR,T√¢y H·ªì Studio! Ng√¥i nh√† ·∫•m c√∫ng! G·∫ßn H·ªì.,entire_home,13,0,420356,2.0,2.0,1.0,1.0,2.0,1.0,2.0,1.0,2.0,0.0,0.0,1.0,2.0,2.0,0.0,0.0,0.0,1.0,2.0,2.0,2.0,2.0,2.0,1.0,2.0,2.0,2.0,2.0,2.0,2.0,2.0,2.0,2.0,2.0,2.0,2.0,2.0,2.0
856782950936237324,0.0,hanoi,5,21.0485115,105.8779099,REGULAR,La Crosse @10 ph√∫t ƒë·∫øn Khu Ph·ªë C·ªï,private_room,0,0,412832,2.0,1.0,1.0,1.0,2.0,1.0,1.0,1.0,1.0,0.0,0.0,2.0,2.0,2.0,0.0,1.0,0.0,2.0,2.0,2.0,2.0,1.0,2.0,2.0,2.0,2.0,2.0,2.0,2.0,2.0,2.0,2.0,2.0,2.0,2.0,2.0,2.0,2.0
927984607019444573,0.0,hanoi,12,21.03186885232184,105.84929322378862,REGULAR,The Art - Graffiti House,private_room,0,0,494064,2.0,1.0,1.0,1.0,2.0,2.0,2.0,2.0,2.0,2.0,2.0,2.0,2.0,1.0,0.0,1.0,0.0,2.0,2.0,2.0,2.0,1.0,2.0,1.0,2.0,2.0,2.0,2.0,2.0,2.0,2.0,2.0,2.0,2.0,2.0,2.0,2.0,2.0
46015441,5.0,hanoi,3,21.03403,105.82334,REGULAR,"Ph√≤ng s√°ng s·ªßa,y√™n tƒ©nh trong nh√† chung c·ªßa ng∆∞·ªùi n∆∞·ªõc ngo√†i g·∫ßn Lotte",private_room,4,0,269773,1.0,1.0,1.0,2.0,2.0,1.0,2.0,2.0,2.0,0.0,0.0,1.0,2.0,2.0,0.0,1.0,4.0,1.0,2.0,2.0,2.0,1.0,2.0,1.0,2.0,2.0,2.0,2.0,2.0,2.0,2.0,1.0,2.0,2.0,2.0,2.0,2.0,2.0
778280174627930771,4.71,hanoi,17,21.0326,105.85335,REGULAR,Mind Room - Comfy & Friendly - Trung t√¢m ph·ªë c·ªï,private_room,14,0,481311,3.0,1.0,1.0,2.0,2.0,1.0,2.0,2.0,2.0,0.0,2.0,1.0,1.0,1.0,1.0,1.0,0.5833333333333334,1.0,2.0,2.0,0.0,2.0,2.0,2.0,1.0,2.0,2.0,2.0,2.0,2.0,2.0,2.0,2.0,2.0,2.0,2.0,2.0,2.0
22350458,4.89,hanoi,21,21.03725,105.82192,REGULAR,"S·ªëng c√πng gia ƒë√¨nh b·∫£n x·ª© #4 (ph√≤ng Sapa, d·ªÖ th∆∞∆°ng & quy·∫øn r≈©)",private_room,122,0,377663,2.0,1.0,1.0,1.0,2.0,1.0,2.0,2.0,2.0,0.0,0.0,1.0,1.0,2.0,1.0,1.0,6.0,1.0,2.0,2.0,2.0,1.0,2.0,2.0,2.0,2.0,2.0,2.0,2.0,2.0,2.0,2.0,2.0,2.0,2.0,2.0,2.0,2.0
746322085943335360,4.67,hanoi,19,21.05039,105.83971,REGULAR,CƒÉn h·ªô phong c√°ch v·ªõi kh√¥ng gian xanh g·∫ßn h·ªì T√¢y,private_room,15,0,314461,2.0,1.0,1.0,1.0,2.0,2.0,2.0,2.0,2.0,0.0,0.0,1.0,2.0,2.0,1.0,1.0,0.75,2.0,2.0,2.0,2.0,1.0,1.0,1.0,2.0,2.0,2.0,2.0,2.0,2.0,2.0,2.0,2.0,2.0,2.0,2.0,2.0,2.0
644538052203873703,4.61,hanoi,20,21.03072,105.84587,REGULAR,Lovely rental studio in Ho√†n Ki·∫øm,entire_home,36,0,454120,4.0,1.0,1.0,1.0,2.0,1.0,1.0,1.0,2.0,0.0,0.0,1.0,2.0,2.0,0.0,0.0,0.0,2.0,2.0,2.0,2.0,2.0,2.0,1.0,2.0,2.0,2.0,2.0,2.0,2.0,2.0,2.0,2.0,2.0,2.0,2.0,2.0,2.0
917633215172390851,0.0,hanoi,20,21.0301814,105.8505091,REGULAR,Hazelnut * Nearby Hoan Kiem Lake,private_room,2,0,452773,2.0,1.0,1.0,1.0,2.0,1.0,1.0,2.0,2.0,0.0,0.0,1.0,1.0,2.0,0.0,1.0,5.0,2.0,2.0,2.0,0.0,2.0,2.0,2.0,2.0,2.0,2.0,2.0,2.0,2.0,2.0,2.0,2.0,2.0,2.0,2.0,2.0,2.0
703058307249366579,4.07,hanoi,7,21.031135970710746,105.84996447175828,REGULAR,"Luxcondo near Ho Guom, Ta Hien, Cathedral, Ho Tay!",private_room,14,0,289869,2.0,2.0,1.0,2.0,2.0,1.0,1.0,1.0,2.0,2.0,2.0,1.0,2.0,2.0,0.0,0.0,0.0,2.0,2.0,2.0,2.0,2.0,2.0,2.0,1.0,1.0,2.0,2.0,1.0,1.0,1.0,2.0,2.0,2.0,2.0,2.0,2.0,2.0
935900274980958111,0.0,hanoi,17,21.02453255405004,105.84177669000609,REGULAR,Studio near Hanoi Station,private_room,0,0,388463,2.0,1.0,1.0,1.0,2.0,1.0,2.0,2.0,1.0,0.0,0.0,2.0,2.0,1.0,0.0,0.0,0.0,2.0,2.0,2.0,2.0,2.0,2.0,1.0,2.0,2.0,2.0,2.0,2.0,2.0,2.0,2.0,2.0,2.0,1.0,2.0,2.0,2.0
36722199,4.75,hanoi,14,21.00343,105.86031,REGULAR,Ng√¥i nh√† ·∫•m c√∫ng trong c·ª≠a s·ªï r·ªông ·ªü gi·ªØa - G√≥c nh√¨n tho√°ng m√°t. R #302,private_room,48,0,323718,2.0,1.0,1.0,2.0,2.0,1.0,1.0,1.0,2.0,0.0,0.0,1.0,2.0,2.0,0.0,1.0,4.0,2.0,2.0,2.0,2.0,1.0,2.0,1.0,2.0,2.0,2.0,2.0,2.0,2.0,2.0,2.0,2.0,2.0,2.0,2.0,2.0,2.0
661422925069945305,4.56,hanoi,9,21.02843,105.84775,REGULAR,*OLDQUARTER*Nh√† th·ªù H√Ä N·ªòI*C·ª¶ C·∫¢I,private_room,9,0,377694,2.0,1.0,1.0,1.0,2.0,1.0,1.0,1.0,2.0,0.0,2.0,2.0,2.0,1.0,0.0,1.0,4.0,2.0,2.0,2.0,2.0,1.0,2.0,2.0,2.0,2.0,2.0,2.0,2.0,2.0,2.0,2.0,2.0,2.0,2.0,2.0,2.0,2.0
42551100,4.5,hanoi,10,21.01973,105.86276,REGULAR,[Nh√† ven s√¥ng] CƒÉn h·ªô 1 ph√≤ng ng·ªß view s√¥ng tho√°ng m√°t.,entire_home,16,0,461961,3.0,1.0,1.0,1.0,2.0,1.0,2.0,1.0,1.0,2.0,2.0,1.0,2.0,2.0,0.0,0.0,0.0,2.0,2.0,2.0,2.0,2.0,1.0,1.0,2.0,2.0,2.0,2.0,2.0,2.0,2.0,1.0,2.0,2.0,2.0,2.0,2.0,2.0
624245300255140277,5.0,hanoi,7,21.029,105.83368,REGULAR,CƒÉn 1 ph√≤ng ng·ªß vui v·∫ª v·ªõi √°nh s√°ng t·ª± nhi√™n,private_room,6,0,483573,2.0,1.0,1.0,1.0,2.0,2.0,2.0,2.0,2.0,0.0,0.0,1.0,2.0,2.0,1.0,1.0,1.0,1.0,2.0,2.0,2.0,1.0,2.0,1.0,1.0,2.0,2.0,2.0,2.0,2.0,2.0,2.0,2.0,2.0,2.0,2.0,2.0,2.0
661518993434369023,4.99,hanoi,13,21.0222663,105.831827,REGULAR,Yue Ë∂ä Homestay #1 @yueviet,private_room,83,0,428294,2.0,2.0,1.0,1.0,2.0,1.0,2.0,2.0,2.0,0.0,2.0,1.0,2.0,1.0,1.0,1.0,2.0,1.0,2.0,2.0,2.0,1.0,1.0,2.0,2.0,2.0,2.0,2.0,2.0,2.0,2.0,1.0,2.0,2.0,2.0,2.0,2.0,2.0
29422956,4.84,hanoi,17,21.02498,105.83684,REGULAR,Ph√≤ng ri√™ng g·∫ßn ƒê·ªÅn VƒÉn h·ªçc,private_room,63,0,296721,2.0,1.0,1.0,1.0,2.0,1.0,2.0,2.0,2.0,0.0,0.0,1.0,2.0,2.0,1.0,1.0,5.0,2.0,2.0,2.0,2.0,1.0,2.0,1.0,1.0,2.0,2.0,2.0,2.0,2.0,2.0,2.0,2.0,2.0,2.0,2.0,2.0,2.0
732151647948523523,4.51,hanoi,28,21.021208,105.8473892,REGULAR,VequeHomestay/Villa03/Trung t√¢m/M√°y gi·∫∑t mi·ªÖn ph√≠/Y√™n tƒ©nh,entire_home,79,0,302159,2.0,2.0,1.0,2.0,2.0,1.0,2.0,1.0,2.0,0.0,0.0,1.0,2.0,2.0,0.0,0.0,0.0,2.0,2.0,2.0,2.0,2.0,1.0,1.0,1.0,2.0,2.0,2.0,2.0,2.0,2.0,2.0,2.0,2.0,2.0,2.0,2.0,2.0
29520177,4.91,hanoi,9,21.0429,105.84386,REGULAR,"SunFlower Homestay , Ng√µ y√™n tƒ©nh,G·∫ßn khu ph·ªë c·ªï(1)",private_room,135,0,404659,2.0,1.0,1.0,1.0,1.0,2.0,2.0,2.0,2.0,0.0,0.0,1.0,2.0,2.0,1.0,1.0,5.0,1.0,2.0,2.0,2.0,1.0,2.0,1.0,2.0,2.0,2.0,2.0,2.0,2.0,2.0,2.0,2.0,2.0,2.0,2.0,2.0,2.0
37257884,5.0,hanoi,26,21.037215515794866,105.8141822458787,REGULAR,HiHome*Cozy Double Room*HaNoi/near Lotte/Vin,private_room,4,0,365177,2.0,2.0,1.0,1.0,2.0,1.0,2.0,2.0,2.0,0.0,2.0,1.0,1.0,1.0,0.0,1.0,5.0,2.0,2.0,2.0,2.0,1.0,2.0,2.0,1.0,1.0,2.0,2.0,2.0,2.0,2.0,2.0,2.0,2.0,2.0,2.0,2.0,2.0
871250827530481551,0.0,hanoi,15,21.05364,105.83386,REGULAR,CƒÉn h·ªô ƒë·∫ßy ƒë·ªß ti·ªán nghi Ban C√¥ng Tho√°ng t·∫°i T√¢y H·ªì,private_room,0,0,327178,2.0,1.0,1.0,1.0,2.0,2.0,2.0,2.0,2.0,0.0,2.0,1.0,2.0,1.0,0.0,0.0,0.0,1.0,2.0,2.0,2.0,2.0,1.0,1.0,1.0,2.0,2.0,2.0,2.0,2.0,2.0,2.0,2.0,2.0,2.0,2.0,2.0,2.0
35640229,4.94,hanoi,30,21.03088,105.82172,REGULAR,G√°c m√°i ri√™ng c√≥ t·∫ßng l·ª≠ng & sofabed@HanoiBui 'sS·ªëng c√πng gia ƒë√¨nh b·∫£n x·ª©,entire_home,34,0,370395,4.0,1.0,1.0,1.0,2.0,1.0,1.0,2.0,2.0,0.0,0.0,1.0,2.0,1.0,0.0,0.0,0.0,2.0,2.0,2.0,2.0,2.0,2.0,1.0,2.0,2.0,2.0,2.0,2.0,2.0,2.0,2.0,2.0,2.0,2.0,2.0,2.0,2.0
735720253726051982,4.5,hanoi,30,21.021208,105.8473892,REGULAR,Vequehomestay/NetflixTV/Kitchen/FreeWasher&Dryer,private_room,8,0,343669,2.0,1.0,1.0,1.0,2.0,1.0,2.0,1.0,2.0,0.0,0.0,2.0,2.0,2.0,0.0,1.0,0.8333333333333334,2.0,2.0,2.0,0.0,2.0,2.0,1.0,1.0,2.0,2.0,2.0,2.0,2.0,2.0,2.0,2.0,2.0,2.0,2.0,2.0,2.0
780888412764806940,4.18,hanoi,7,21.0315055,105.855027,REGULAR,"Trung t√¢m Cozyhome Khu ph·ªë c·ªï, Nh√† th·ªù",private_room,28,0,300111,2.0,1.0,1.0,2.0,2.0,1.0,1.0,2.0,2.0,2.0,2.0,1.0,2.0,2.0,0.0,0.0,0.0,1.0,2.0,2.0,2.0,2.0,1.0,1.0,1.0,2.0,2.0,2.0,2.0,2.0,2.0,1.0,2.0,2.0,2.0,2.0,2.0,2.0
673041187090305736,4.69,hanoi,16,21.029109526682355,105.84287289530039,REGULAR,CƒÉn h·ªô Duplex ·∫•m c√∫ng 55m2 t·∫°i trung t√¢m HN,entire_home,29,0,488248,3.0,1.0,1.0,1.0,2.0,2.0,2.0,2.0,2.0,0.0,0.0,1.0,2.0,2.0,0.0,0.0,0.0,1.0,2.0,2.0,2.0,2.0,1.0,2.0,1.0,2.0,2.0,2.0,2.0,2.0,1.0,2.0,2.0,2.0,2.0,2.0,2.0,2.0
829744392545766862,0.0,hanoi,5,21.024585506896297,105.85483592162434,REGULAR,*New listing Sale!* Artsy Studio in Hoan Kiem,private_room,0,0,308939,2.0,1.0,1.0,1.0,1.0,1.0,2.0,2.0,2.0,0.0,2.0,1.0,2.0,1.0,0.0,0.0,0.0,2.0,2.0,2.0,2.0,2.0,2.0,1.0,2.0,2.0,2.0,2.0,2.0,2.0,1.0,2.0,2.0,2.0,2.0,2.0,2.0,2.0
852001341076676351,4.4,hanoi,12,21.0293002,105.8491782,REGULAR,GEM-Topaz,private_room,5,0,345741,3.0,2.0,1.0,1.0,1.0,1.0,2.0,1.0,2.0,0.0,0.0,1.0,2.0,2.0,0.0,1.0,0.5,1.0,2.0,2.0,0.0,2.0,2.0,2.0,2.0,2.0,2.0,2.0,2.0,2.0,2.0,2.0,2.0,2.0,2.0,2.0,2.0,2.0
924179745527236963,0.0,hanoi,20,21.0301814,105.8505091,REGULAR,DePolo * 50m to Hoan Kiem lake,private_room,2,0,386530,2.0,2.0,1.0,2.0,2.0,1.0,2.0,1.0,1.0,0.0,0.0,2.0,1.0,2.0,0.0,1.0,5.0,1.0,2.0,2.0,0.0,2.0,2.0,2.0,2.0,2.0,2.0,2.0,2.0,2.0,2.0,2.0,2.0,2.0,2.0,2.0,2.0,2.0
737940329799780624,4.64,hanoi,5,21.031085770064905,105.85009574890137,REGULAR,"Lotuscondo ·ªü H·ªì Guom, Khu ph·ªë c·ªï,Nh√† th·ªù ƒê·ª©c B√†,T·∫° Hi·ªán",private_room,14,0,301235,2.0,2.0,1.0,2.0,2.0,1.0,1.0,2.0,2.0,2.0,2.0,1.0,1.0,2.0,0.0,0.0,0.0,2.0,2.0,2.0,2.0,2.0,1.0,1.0,1.0,1.0,2.0,2.0,2.0,2.0,1.0,2.0,2.0,2.0,2.0,2.0,2.0,2.0
921658275944229636,5.0,hanoi,23,21.0353981,105.7956757,REGULAR,401 Amoureux Ch√πa H√†,entire_home,3,0,485593,2.0,1.0,1.0,1.0,2.0,2.0,2.0,2.0,2.0,2.0,2.0,1.0,2.0,1.0,0.0,0.0,0.0,1.0,1.0,2.0,2.0,2.0,2.0,2.0,1.0,1.0,2.0,2.0,2.0,2.0,1.0,2.0,2.0,2.0,2.0,2.0,2.0,2.0
648381977328428715,4.94,hanoi,6,21.02491,105.85211,REGULAR,CƒÉn 1 ph√≤ng ng·ªß ƒë√°ng y√™u g·∫ßn trung t√¢m H√† N·ªôi,private_room,16,0,473549,2.0,1.0,1.0,1.0,2.0,2.0,2.0,2.0,2.0,0.0,0.0,1.0,1.0,2.0,1.0,1.0,1.0,1.0,2.0,2.0,2.0,1.0,2.0,1.0,2.0,2.0,2.0,2.0,2.0,2.0,2.0,2.0,2.0,2.0,2.0,2.0,2.0,2.0
719979493315673429,4.78,hanoi,15,21.02092,105.84648,REGULAR,Vequehomestay-Villa15- Ph·ªë c·ªï -B·∫øp-Y√™n tƒ©nh,private_room,27,0,307548,2.0,1.0,1.0,2.0,1.0,2.0,2.0,2.0,2.0,0.0,0.0,2.0,2.0,2.0,0.0,1.0,0.8333333333333334,1.0,2.0,2.0,0.0,2.0,1.0,1.0,1.0,2.0,2.0,2.0,2.0,2.0,2.0,2.0,2.0,2.0,2.0,2.0,2.0,2.0
862753744286713592,0.0,hanoi,18,21.026404530457736,105.82644405158997,REGULAR,The Hanoian Market Butcher House,private_room,0,0,365177,2.0,2.0,1.0,1.0,1.0,1.0,1.0,2.0,2.0,0.0,0.0,1.0,2.0,2.0,0.0,1.0,0.0,2.0,2.0,2.0,2.0,1.0,2.0,1.0,2.0,2.0,2.0,2.0,2.0,2.0,2.0,2.0,2.0,2.0,2.0,2.0,2.0,2.0
750218288626517808,0.0,hanoi,14,20.98763,105.79731,REGULAR,C·∫£i t·∫°o m·ªõi - Ph√≤ng y√™n tƒ©nh g·∫ßn ƒê·∫°i h·ªçc H√† N·ªôi,private_room,2,0,256765,1.0,1.0,1.0,2.0,2.0,1.0,2.0,2.0,2.0,0.0,0.0,1.0,2.0,1.0,0.0,1.0,4.0,1.0,2.0,2.0,2.0,1.0,2.0,1.0,2.0,2.0,2.0,2.0,2.0,2.0,2.0,2.0,2.0,2.0,2.0,2.0,2.0,2.0
916268133819836785,0.0,hanoi,19,21.036369,105.813111,REGULAR,HiHome-CozyStudio-HaNoi-near Lotte/Vin,private_room,2,0,365177,2.0,2.0,1.0,1.0,2.0,1.0,2.0,2.0,2.0,0.0,2.0,1.0,1.0,2.0,0.0,1.0,0.08333333333333333,1.0,2.0,2.0,2.0,1.0,2.0,2.0,2.0,1.0,2.0,2.0,2.0,2.0,2.0,1.0,2.0,2.0,2.0,2.0,2.0,2.0
43939550,5.0,hanoi,23,21.07853,105.8177,REGULAR,Chill Studio close Ho Tay water park 2.2,entire_home,4,0,375388,2.0,1.0,1.0,1.0,2.0,1.0,2.0,2.0,2.0,0.0,0.0,1.0,2.0,2.0,0.0,0.0,0.0,1.0,2.0,2.0,2.0,2.0,2.0,1.0,1.0,2.0,2.0,2.0,2.0,2.0,2.0,2.0,2.0,2.0,2.0,2.0,2.0,2.0
795227624976095783,4.9,hanoi,10,21.02618,105.83371,REGULAR,"Ph√≤ng 20m2, gi·∫∑t l√† mi·ªÖn ph√≠",private_room,10,0,308118,1.0,2.0,1.0,2.0,2.0,1.0,2.0,2.0,2.0,0.0,0.0,1.0,1.0,1.0,1.0,1.0,0.5,1.0,2.0,2.0,2.0,1.0,2.0,1.0,2.0,2.0,2.0,2.0,2.0,2.0,2.0,2.0,2.0,2.0,2.0,2.0,2.0,2.0
30001502,4.77,hanoi,30,21.03617,105.85244,REGULAR,Tr·∫ßn 's Home- Thi·∫øt k·∫ø t·ªëi gi·∫£n/Central Old Qtr,private_room,124,0,426667,2.0,2.0,1.0,1.0,2.0,1.0,2.0,2.0,2.0,0.0,0.0,1.0,1.0,2.0,0.0,1.0,5.0,2.0,2.0,2.0,2.0,1.0,1.0,1.0,2.0,2.0,2.0,2.0,2.0,2.0,2.0,2.0,2.0,2.0,2.0,2.0,2.0,2.0
877417604854892292,4.33,hanoi,9,21.04009,105.76608,REGULAR,Lan ‚Äòs Home,private_room,3,0,322790,2.0,1.0,1.0,2.0,2.0,2.0,2.0,2.0,2.0,0.0,0.0,1.0,2.0,2.0,0.0,1.0,3.0,1.0,2.0,2.0,2.0,1.0,1.0,2.0,2.0,2.0,2.0,2.0,2.0,2.0,1.0,2.0,2.0,2.0,2.0,1.0,2.0,2.0
43808002,4.78,hanoi,30,21.02416,105.8488,REGULAR,HBT Homestay-Hanoi Center-Ho√†n Ki·∫øm District-R#302,private_room,18,0,456471,2.0,1.0,1.0,2.0,1.0,1.0,1.0,1.0,1.0,0.0,2.0,2.0,2.0,2.0,0.0,0.0,0.0,2.0,2.0,2.0,2.0,2.0,2.0,1.0,2.0,2.0,2.0,2.0,2.0,2.0,2.0,2.0,2.0,2.0,1.0,2.0,2.0,2.0
931067000621101872,0.0,hanoi,7,21.03628177154967,105.83001639693975,REGULAR,"CƒÉn H·ªô Cao C·∫•p, 1 Ng·ªß 1 Kh√°ch",private_room,0,0,388442,2.0,1.0,1.0,2.0,2.0,1.0,2.0,2.0,2.0,2.0,2.0,1.0,2.0,1.0,0.0,0.0,0.0,2.0,2.0,2.0,2.0,2.0,1.0,1.0,2.0,2.0,2.0,2.0,2.0,2.0,2.0,2.0,2.0,2.0,2.0,2.0,2.0,2.0
907983249626968344,0.0,hanoi,20,21.0445411,105.8177295,REGULAR,Cozy studio- Private washroom/kitchen-WestLake-101,private_room,1,0,412437,2.0,1.0,1.0,2.0,2.0,2.0,2.0,2.0,2.0,0.0,0.0,1.0,1.0,1.0,0.0,1.0,0.08333333333333333,1.0,2.0,2.0,2.0,1.0,1.0,2.0,2.0,2.0,2.0,2.0,2.0,2.0,2.0,2.0,2.0,2.0,2.0,2.0,2.0,2.0
912249038669486110,5.0,hanoi,29,21.03488,105.84759,REGULAR,Stylish little house ‚Ä¢ Old quarter ‚Ä¢Railway Cafe,entire_home,9,0,455330,2.0,1.0,1.0,1.0,2.0,2.0,2.0,2.0,2.0,0.0,0.0,1.0,2.0,1.0,0.0,0.0,0.0,1.0,2.0,2.0,2.0,2.0,2.0,1.0,1.0,2.0,2.0,2.0,2.0,2.0,2.0,2.0,2.0,2.0,2.0,2.0,2.0,2.0
935358456462198039,0.0,hanoi,19,21.034877570457393,105.84849951467308,REGULAR,Budget-friendly 1BR Studio w/balcony @Old Quarter,entire_home,0,0,466667,2.0,2.0,1.0,1.0,2.0,1.0,2.0,2.0,2.0,0.0,0.0,1.0,2.0,1.0,0.0,0.0,0.0,1.0,2.0,2.0,2.0,2.0,2.0,1.0,1.0,2.0,2.0,2.0,2.0,2.0,2.0,2.0,2.0,2.0,2.0,2.0,2.0,2.0
41396609,4.75,hanoi,29,21.02105,105.84697,REGULAR,Vequehomestay‚ú©villa11‚ú©NetflixTV‚ú©VS ri√™ng‚ú©S√¢n ƒë·ªÉ xe,private_room,89,0,370099,2.0,2.0,1.0,1.0,2.0,1.0,2.0,1.0,2.0,0.0,0.0,2.0,2.0,2.0,0.0,1.0,7.0,2.0,2.0,2.0,0.0,2.0,1.0,1.0,1.0,2.0,2.0,2.0,2.0,2.0,2.0,2.0,2.0,2.0,2.0,2.0,2.0,2.0
35044258,4.52,hanoi,11,21.04539,105.78549,REGULAR,Studio ·∫•m c√∫ng & hi·ªán ƒë·∫°i *Trung t√¢m th√†nh ph·ªë *10 ph√∫t ƒë·∫øn H·ªì T√¢y,entire_home,31,0,432506,6.0,1.0,1.0,1.0,1.0,1.0,2.0,1.0,2.0,2.0,2.0,2.0,1.0,2.0,0.0,0.0,0.0,1.0,2.0,2.0,2.0,2.0,1.0,1.0,2.0,2.0,2.0,2.0,2.0,2.0,2.0,2.0,2.0,2.0,2.0,2.0,2.0,2.0
653884099355682103,4.75,hanoi,13,21.02942,105.84697,REGULAR,CƒÉn h·ªô Panther_5 ph√∫t ƒë·∫øn Nh√† th·ªù,private_room,4,0,449979,2.0,1.0,1.0,1.0,2.0,1.0,1.0,2.0,2.0,0.0,0.0,1.0,2.0,2.0,0.0,0.0,0.0,2.0,1.0,1.0,2.0,2.0,2.0,2.0,2.0,2.0,2.0,2.0,2.0,2.0,2.0,2.0,2.0,2.0,2.0,2.0,2.0,2.0
688931017381871050,4.38,hanoi,6,21.0312745,105.8500957,REGULAR,"Condo 2 balcony in center Old Quarter, Ho Guom",private_room,39,0,397138,2.0,2.0,1.0,2.0,2.0,1.0,2.0,1.0,2.0,2.0,2.0,1.0,2.0,2.0,0.0,0.0,0.0,1.0,2.0,2.0,2.0,2.0,2.0,2.0,1.0,1.0,2.0,2.0,1.0,1.0,1.0,2.0,2.0,2.0,2.0,2.0,2.0,2.0
836610309307990848,4.75,hanoi,12,21.06936,105.82521,REGULAR,Studio Apt on To Ngoc Van 36,entire_home,4,0,424589,2.0,1.0,1.0,1.0,2.0,2.0,2.0,2.0,2.0,0.0,0.0,2.0,2.0,2.0,0.0,0.0,0.0,1.0,1.0,2.0,2.0,2.0,2.0,2.0,1.0,1.0,1.0,2.0,2.0,2.0,2.0,2.0,2.0,2.0,2.0,2.0,2.0,2.0
52978253,5.0,hanoi,21,21.03292,105.80711,REGULAR,"CƒÉn h·ªô ·∫•m c√∫ng, th√¢n thi·ªán ·ªü trung t√¢m th√†nh ph·ªë",private_room,48,0,399412,2.0,1.0,1.0,1.0,2.0,1.0,2.0,2.0,2.0,0.0,0.0,1.0,1.0,2.0,1.0,1.0,2.0,2.0,2.0,2.0,2.0,1.0,2.0,1.0,2.0,2.0,2.0,2.0,2.0,2.0,2.0,2.0,2.0,2.0,2.0,2.0,2.0,2.0
932401152124496990,0.0,hanoi,24,21.035565278885304,105.8512499389217,REGULAR,AN_Cozy Family Triple Room/ Smart TV/ Check in 247,private_room,0,0,412800,3.0,2.0,1.0,1.0,2.0,1.0,2.0,2.0,2.0,0.0,0.0,1.0,2.0,1.0,0.0,1.0,0.0,2.0,2.0,2.0,2.0,1.0,2.0,2.0,1.0,2.0,2.0,2.0,2.0,2.0,1.0,2.0,2.0,2.0,2.0,2.0,2.0,2.0
775603815354735363,4.67,hanoi,19,21.03744,105.82277,REGULAR,WindowSunny_StudioCENTER_BADINH,private_room,3,0,472788,2.0,1.0,1.0,1.0,2.0,1.0,2.0,2.0,2.0,2.0,2.0,2.0,1.0,2.0,0.0,0.0,0.0,1.0,2.0,2.0,2.0,2.0,2.0,1.0,2.0,2.0,2.0,2.0,2.0,2.0,2.0,1.0,2.0,2.0,2.0,2.0,1.0,2.0
916317271979779759,4.5,hanoi,13,21.02732,105.85749,REGULAR,Downtown Green Home 3,entire_home,4,0,407425,2.0,1.0,1.0,1.0,2.0,1.0,2.0,2.0,2.0,0.0,0.0,1.0,2.0,1.0,0.0,0.0,0.0,2.0,2.0,2.0,2.0,2.0,2.0,1.0,2.0,2.0,2.0,2.0,2.0,2.0,2.0,1.0,2.0,2.0,2.0,2.0,2.0,2.0
767745551525121773,4.33,hanoi,18,21.06563,105.82597,REGULAR,Nh√† ·∫•m c√∫ng! Studio ƒë·∫πp! M√°y gi·∫∑t v√† m√°y s·∫•y!,entire_home,3,0,379441,2.0,1.0,1.0,1.0,2.0,1.0,2.0,2.0,2.0,0.0,0.0,2.0,2.0,1.0,0.0,0.0,0.0,2.0,2.0,2.0,2.0,2.0,2.0,2.0,2.0,2.0,2.0,2.0,2.0,2.0,2.0,2.0,2.0,2.0,2.0,2.0,2.0,2.0
774579236697560281,4.9,hanoi,20,21.0262038,105.8436506,REGULAR,Budget Room - 80s Retro Style - Outdoor Terrace,private_room,20,0,359471,2.0,1.0,1.0,2.0,2.0,1.0,1.0,2.0,2.0,0.0,0.0,1.0,2.0,2.0,1.0,1.0,3.0,1.0,2.0,2.0,2.0,1.0,2.0,2.0,1.0,2.0,2.0,2.0,2.0,2.0,2.0,2.0,2.0,2.0,2.0,2.0,2.0,2.0
843361253017642587,3.67,hanoi,8,21.0333701,105.811266,REGULAR,Studiomini near westlake and lotteBaDinh,private_room,3,0,390283,2.0,1.0,1.0,1.0,2.0,2.0,2.0,2.0,2.0,0.0,2.0,1.0,2.0,1.0,0.0,0.0,0.0,1.0,1.0,2.0,2.0,2.0,1.0,2.0,1.0,2.0,2.0,2.0,2.0,2.0,2.0,2.0,2.0,2.0,2.0,2.0,2.0,2.0
934674263312359078,0.0,hanoi,8,21.0353569,105.8108514,REGULAR,-25% Super comfortable studio in central location,private_room,0,0,502118,2.0,1.0,1.0,1.0,2.0,2.0,2.0,2.0,2.0,2.0,2.0,1.0,1.0,1.0,1.0,1.0,0.0,1.0,2.0,2.0,2.0,1.0,2.0,1.0,2.0,2.0,1.0,2.0,2.0,2.0,2.0,2.0,2.0,2.0,2.0,2.0,2.0,2.0
20396864,4.86,hanoi,23,21.05411,105.83667,REGULAR,Kim Hanoi Homestay 3,private_room,22,0,404659,2.0,1.0,1.0,2.0,1.0,2.0,2.0,2.0,2.0,0.0,0.0,1.0,2.0,2.0,1.0,1.0,6.0,1.0,1.0,2.0,0.0,2.0,2.0,1.0,2.0,2.0,2.0,2.0,2.0,2.0,2.0,2.0,2.0,2.0,2.0,2.0,2.0,2.0
933098894986974081,0.0,hanoi,6,21.048456,105.878285,REGULAR,La Fleur * 10mins to Old Quarter,private_room,1,0,392235,2.0,1.0,1.0,1.0,2.0,1.0,1.0,2.0,1.0,0.0,0.0,1.0,2.0,2.0,0.0,1.0,5.0,2.0,2.0,2.0,0.0,2.0,2.0,2.0,2.0,2.0,2.0,2.0,2.0,2.0,2.0,2.0,2.0,2.0,2.0,2.0,2.0,2.0
21671494,4.9,hanoi,11,21.01067,105.82235,REGULAR,S·ªëng c√πng gia ƒë√¨nh b·∫£n x·ª© ƒë√°ng y√™u t·∫°i Trung t√¢m H√† N·ªôi,private_room,108,0,296721,2.0,1.0,1.0,1.0,2.0,1.0,2.0,1.0,2.0,0.0,0.0,2.0,2.0,2.0,1.0,1.0,6.0,1.0,2.0,2.0,2.0,1.0,2.0,1.0,2.0,2.0,2.0,2.0,2.0,2.0,2.0,2.0,2.0,2.0,2.0,2.0,2.0,2.0
42399247,0.0,hanoi,19,20.98732,105.79527,REGULAR,Ph√≤ng ri√™ng g·∫ßn ƒê·∫°i h·ªçc H√† N·ªôi,private_room,2,0,274424,2.0,1.0,1.0,2.0,1.0,1.0,2.0,2.0,2.0,0.0,0.0,1.0,2.0,2.0,0.0,1.0,4.0,1.0,2.0,2.0,2.0,1.0,2.0,1.0,2.0,2.0,2.0,2.0,2.0,2.0,2.0,2.0,2.0,2.0,2.0,2.0,2.0,2.0
48741493,4.18,hanoi,9,21.04642,105.80145,REGULAR,"R202 - Nit v√† studio ƒë·∫πp ·ªü C·∫ßu Gi·∫•y, H√† N·ªôi",private_room,11,0,456471,2.0,1.0,1.0,1.0,2.0,2.0,2.0,2.0,2.0,0.0,2.0,1.0,2.0,2.0,0.0,1.0,5.0,1.0,1.0,2.0,0.0,2.0,2.0,1.0,2.0,2.0,1.0,2.0,2.0,2.0,2.0,2.0,2.0,2.0,2.0,2.0,2.0,2.0
783995150887707434,4.67,hanoi,19,21.033519872040845,105.85238091904907,REGULAR,Sapphire Room - G√°c x√©p ƒë·ªôc l·∫° Ng√µ Trung Y√™n,private_room,12,0,414218,3.0,1.0,1.0,2.0,2.0,2.0,2.0,2.0,2.0,0.0,2.0,1.0,1.0,1.0,1.0,1.0,0.5833333333333334,1.0,2.0,2.0,0.0,2.0,2.0,2.0,1.0,2.0,1.0,2.0,2.0,2.0,2.0,2.0,2.0,2.0,2.0,2.0,2.0,2.0
891201796752186763,0.0,hanoi,19,21.04534,105.81742,REGULAR,Fully-equipped modern studio next to West Lake 202,private_room,1,0,440188,2.0,1.0,1.0,2.0,2.0,2.0,2.0,2.0,2.0,0.0,0.0,1.0,1.0,1.0,0.0,1.0,0.08333333333333333,1.0,2.0,2.0,2.0,1.0,1.0,2.0,2.0,2.0,2.0,2.0,2.0,2.0,2.0,2.0,2.0,2.0,2.0,2.0,2.0,2.0
36681116,4.64,hanoi,18,20.99918,105.86251,REGULAR,Ng√¥i nh√† ·∫•m c√∫ng ·ªü g√≥c nh√¨n tho√°ng m√°t tr√™n to√†n trung t√¢m. R#202,private_room,45,0,323718,2.0,1.0,1.0,2.0,2.0,1.0,1.0,1.0,2.0,0.0,0.0,1.0,2.0,2.0,0.0,1.0,4.0,2.0,2.0,2.0,2.0,1.0,2.0,1.0,2.0,2.0,2.0,2.0,2.0,2.0,2.0,2.0,2.0,2.0,2.0,2.0,2.0,2.0
843035722315904930,0.0,hanoi,9,21.0301731,105.8504665,REGULAR,Circus @ 50m ƒë·∫øn H·ªì Ho√†n Ki·∫øm,private_room,2,0,391779,2.0,1.0,1.0,2.0,2.0,1.0,2.0,1.0,1.0,0.0,0.0,1.0,1.0,2.0,0.0,1.0,5.0,2.0,2.0,2.0,2.0,1.0,2.0,2.0,2.0,2.0,2.0,2.0,2.0,2.0,2.0,2.0,2.0,2.0,2.0,2.0,2.0,2.0
38589719,4.37,hanoi,7,21.06758,105.82524,REGULAR,To√†n b·ªô cƒÉn h·ªô ·∫•m c√∫ng/V·ªã tr√≠ thu·∫≠n ti·ªán/G·∫ßn H·ªì T√¢y,entire_home,41,0,461961,2.0,1.0,1.0,1.0,1.0,1.0,2.0,2.0,2.0,0.0,0.0,2.0,2.0,2.0,0.0,0.0,0.0,1.0,2.0,2.0,2.0,2.0,1.0,1.0,2.0,2.0,2.0,2.0,2.0,2.0,2.0,2.0,2.0,2.0,2.0,2.0,2.0,2.0
45034183,4.93,hanoi,30,21.03632,105.85507,REGULAR,"Studio, thang m√°y, Ho√†n Ki·∫øm, g·∫ßn khu ph·ªë c·ªï #D02",entire_home,197,0,490990,2.0,1.0,1.0,1.0,2.0,1.0,2.0,2.0,2.0,2.0,2.0,1.0,1.0,1.0,0.0,0.0,0.0,1.0,2.0,2.0,2.0,2.0,2.0,2.0,2.0,2.0,2.0,2.0,2.0,2.0,2.0,2.0,2.0,2.0,2.0,2.0,2.0,2.0
928212359564169097,0.0,hanoi,8,21.0353569,105.8108514,REGULAR,-25% Apartment full of amenities of NB,private_room,0,0,502118,2.0,1.0,1.0,1.0,1.0,2.0,2.0,2.0,2.0,2.0,2.0,1.0,1.0,1.0,0.0,0.0,0.0,1.0,2.0,2.0,2.0,2.0,2.0,1.0,2.0,2.0,1.0,2.0,2.0,2.0,2.0,2.0,2.0,2.0,2.0,2.0,2.0,2.0
918475341307088764,0.0,hanoi,12,21.0197568,105.8302567,REGULAR,V's home _The life of Hanoians 3,private_room,0,0,366884,2.0,1.0,1.0,2.0,2.0,1.0,2.0,2.0,2.0,0.0,0.0,1.0,2.0,1.0,1.0,1.0,0.0,2.0,2.0,2.0,2.0,1.0,2.0,1.0,2.0,2.0,2.0,2.0,2.0,2.0,2.0,2.0,2.0,2.0,2.0,2.0,2.0,2.0
907573362134858737,5.0,hanoi,15,21.068077801257886,105.82254309207201,REGULAR,KEM HOME 2- Charming Bright* West Lake,entire_home,3,0,474730,2.0,1.0,1.0,1.0,2.0,1.0,2.0,2.0,2.0,0.0,0.0,1.0,2.0,1.0,0.0,0.0,0.0,1.0,2.0,2.0,2.0,2.0,2.0,1.0,2.0,2.0,2.0,2.0,2.0,2.0,2.0,2.0,2.0,2.0,2.0,2.0,2.0,2.0
46229103,4.75,hanoi,19,21.1186,105.80347,REGULAR,Green Homestay,private_room,8,0,324540,2.0,1.0,1.0,1.0,2.0,2.0,2.0,2.0,2.0,0.0,0.0,2.0,2.0,2.0,0.0,1.0,3.0,1.0,2.0,2.0,2.0,1.0,1.0,2.0,1.0,2.0,2.0,2.0,2.0,2.0,1.0,2.0,2.0,2.0,2.0,2.0,2.0,2.0
628478416887162501,4.62,hanoi,21,21.021695,105.85979,REGULAR,Ph√≤ng √°nh s√°ng m·∫∑t tr·ªùi g·∫ßn Nh√† h√°t L·ªõn,private_room,13,0,377164,2.0,1.0,1.0,1.0,2.0,1.0,2.0,2.0,2.0,0.0,2.0,1.0,2.0,1.0,0.0,1.0,0.9166666666666666,1.0,2.0,2.0,2.0,1.0,2.0,1.0,2.0,2.0,2.0,2.0,2.0,2.0,2.0,2.0,2.0,2.0,2.0,2.0,2.0,2.0
924905403467355931,0.0,hanoi,8,21.0341811,105.8329803,REGULAR,Le Shu Apt * 5 mins to Old Town,private_room,0,0,392235,2.0,2.0,1.0,1.0,2.0,1.0,2.0,2.0,2.0,0.0,0.0,2.0,1.0,2.0,0.0,1.0,0.0,1.0,1.0,1.0,0.0,2.0,2.0,2.0,2.0,2.0,2.0,2.0,2.0,2.0,2.0,2.0,2.0,2.0,2.0,2.0,2.0,2.0
38928362,4.9,hanoi,30,21.04364,105.84512,REGULAR,CƒÉn h·ªô Old Quarter Cozy Sunshine c√≥ ban c√¥ng view tuy·ªát v·ªùi,private_room,10,0,454491,2.0,1.0,1.0,1.0,2.0,1.0,2.0,2.0,2.0,0.0,0.0,2.0,2.0,2.0,1.0,1.0,4.0,1.0,2.0,2.0,2.0,1.0,1.0,2.0,1.0,2.0,2.0,2.0,2.0,2.0,2.0,2.0,2.0,2.0,2.0,2.0,2.0,2.0
825800715037223293,4.8,hanoi,12,21.03853,105.84669,REGULAR,Ng√¢n s√°ch|Trung t√¢m| Morden Cosy Home,entire_home,5,0,435000,2.0,1.0,1.0,1.0,2.0,1.0,2.0,1.0,1.0,0.0,0.0,2.0,2.0,1.0,0.0,0.0,0.0,2.0,2.0,2.0,2.0,2.0,2.0,2.0,2.0,2.0,2.0,2.0,2.0,2.0,2.0,1.0,2.0,2.0,2.0,2.0,2.0,2.0
39633737,4.76,hanoi,22,20.99568,105.8791,REGULAR,Kiwi Sweet Studio (Ph√≤ng 401),entire_home,17,0,335506,2.0,1.0,1.0,1.0,2.0,1.0,1.0,1.0,2.0,0.0,2.0,2.0,2.0,2.0,0.0,0.0,0.0,1.0,2.0,2.0,2.0,2.0,2.0,1.0,2.0,2.0,2.0,2.0,2.0,2.0,2.0,1.0,2.0,2.0,2.0,2.0,2.0,2.0
891528326246386997,0.0,hanoi,20,21.03993,105.84774,REGULAR,*Hanoi Loft* Spacious bedroom in Old Quarter!,private_room,2,0,406645,3.0,1.0,1.0,1.0,1.0,2.0,2.0,2.0,2.0,2.0,2.0,1.0,2.0,2.0,1.0,1.0,5.0,1.0,2.0,2.0,2.0,1.0,2.0,1.0,1.0,1.0,2.0,2.0,2.0,2.0,2.0,2.0,2.0,2.0,2.0,2.0,2.0,2.0
42682438,4.93,hanoi,3,21.02644,105.8341,REGULAR,di t√≠ch l·ªãch s·ª≠ vƒÉn h√≥a,private_room,15,0,285294,1.0,2.0,1.0,1.0,2.0,1.0,2.0,1.0,2.0,0.0,0.0,1.0,1.0,2.0,1.0,1.0,3.0,2.0,2.0,2.0,2.0,1.0,2.0,2.0,2.0,2.0,2.0,2.0,2.0,2.0,2.0,1.0,2.0,2.0,2.0,2.0,2.0,2.0
772939734836349147,0.0,hanoi,8,21.068723956601414,105.8220838080439,REGULAR,"A simple room, with a cat.",private_room,0,0,426218,2.0,1.0,1.0,2.0,1.0,1.0,2.0,2.0,2.0,0.0,0.0,2.0,2.0,2.0,0.0,0.0,0.0,1.0,2.0,2.0,2.0,2.0,1.0,1.0,1.0,2.0,2.0,2.0,2.0,2.0,2.0,2.0,2.0,2.0,2.0,2.0,2.0,2.0
43152213,4.67,hanoi,19,21.03221,105.84624,REGULAR,To√†n c·∫£nh t·∫ßng th∆∞·ª£ng*Khu ph·ªë c·ªï*Thang m√°y v√† gi·∫∑t,entire_home,30,0,487866,2.0,1.0,1.0,1.0,2.0,1.0,2.0,1.0,2.0,0.0,0.0,2.0,1.0,2.0,0.0,0.0,0.0,1.0,2.0,2.0,2.0,2.0,2.0,1.0,2.0,2.0,2.0,2.0,2.0,2.0,2.0,2.0,2.0,2.0,2.0,2.0,2.0,2.0
876456490987383481,5.0,hanoi,15,21.03191,105.84431,REGULAR,Mia's Home in Old Quarter/City View/Lift,entire_home,5,0,479294,2.0,1.0,1.0,1.0,2.0,1.0,2.0,2.0,2.0,0.0,0.0,2.0,1.0,1.0,0.0,0.0,0.0,1.0,2.0,2.0,2.0,2.0,2.0,1.0,2.0,2.0,2.0,2.0,2.0,2.0,2.0,2.0,2.0,2.0,2.0,2.0,2.0,2.0
934500150526310520,0.0,hanoi,5,21.032972314974725,105.79042413431009,REGULAR,"CƒÉn h·ªô nh·ªè xinh, ri√™ng t∆∞",entire_home,0,0,401870,2.0,1.0,1.0,1.0,2.0,1.0,2.0,2.0,2.0,0.0,0.0,2.0,2.0,1.0,0.0,0.0,0.0,1.0,2.0,2.0,2.0,2.0,2.0,1.0,2.0,2.0,2.0,2.0,2.0,2.0,2.0,2.0,2.0,2.0,2.0,2.0,2.0,2.0
740053486028534848,4.79,hanoi,15,21.05026,105.83937,REGULAR,CƒÉn h·ªô view h·ªì tho√°ng m√°t v·ªõi kh√¥ng gian xanh,private_room,34,0,392518,2.0,1.0,1.0,1.0,2.0,2.0,2.0,2.0,2.0,0.0,0.0,1.0,2.0,2.0,1.0,1.0,0.75,1.0,1.0,2.0,0.0,2.0,1.0,2.0,2.0,2.0,2.0,2.0,2.0,2.0,2.0,2.0,2.0,2.0,2.0,2.0,2.0,2.0
722682778367261355,5.0,hanoi,24,21.02417,105.82834,REGULAR,Ph√≤ng ri√™ng vui v·∫ª C√≥ c·ª≠a s·ªï √°nh s√°ng t·ª± nhi√™n,private_room,3,0,303553,2.0,1.0,1.0,2.0,2.0,2.0,2.0,2.0,2.0,0.0,0.0,1.0,2.0,1.0,0.0,1.0,5.0,1.0,2.0,2.0,2.0,1.0,2.0,2.0,2.0,1.0,1.0,2.0,2.0,2.0,2.0,2.0,2.0,2.0,2.0,2.0,2.0,2.0
870118745112046288,0.0,hanoi,9,21.03284,105.81013,REGULAR,2 studio near westlake and lotte badinh,private_room,2,0,359927,2.0,1.0,1.0,1.0,2.0,1.0,2.0,2.0,2.0,2.0,2.0,1.0,2.0,1.0,0.0,1.0,0.8333333333333334,2.0,1.0,2.0,2.0,1.0,2.0,1.0,1.0,2.0,2.0,2.0,2.0,2.0,2.0,2.0,2.0,2.0,2.0,2.0,2.0,2.0
888128215489217175,0.0,hanoi,20,21.05285,105.8374432,REGULAR,"Sun Clover Home-indochine style,city view,westlake",private_room,0,0,455330,2.0,2.0,1.0,1.0,2.0,1.0,2.0,2.0,2.0,0.0,2.0,1.0,2.0,2.0,0.0,0.0,0.0,1.0,2.0,2.0,2.0,2.0,1.0,1.0,2.0,1.0,2.0,2.0,2.0,1.0,2.0,2.0,2.0,2.0,2.0,2.0,2.0,2.0
661914022530614120,4.97,hanoi,13,21.02278,105.83206,REGULAR,Yue Ë∂ä Homestay #2 @yueviet,private_room,77,0,450724,2.0,2.0,1.0,1.0,2.0,1.0,2.0,2.0,2.0,0.0,2.0,1.0,2.0,1.0,1.0,1.0,2.0,1.0,2.0,2.0,2.0,1.0,1.0,2.0,2.0,2.0,2.0,2.0,2.0,2.0,2.0,1.0,2.0,2.0,2.0,2.0,2.0,2.0
37176288,5.0,hanoi,30,21.036119528358086,105.81427652430372,REGULAR,HiHome-Deluxe Studio-With kitchen-near Lotte/Vin,private_room,4,0,485000,2.0,1.0,1.0,1.0,2.0,2.0,2.0,2.0,2.0,0.0,2.0,1.0,1.0,1.0,0.0,0.0,0.0,1.0,2.0,2.0,2.0,2.0,2.0,2.0,1.0,1.0,2.0,2.0,2.0,2.0,2.0,2.0,2.0,2.0,2.0,2.0,2.0,2.0
906089185926256928,0.0,hanoi,8,21.0189055,105.7758082,REGULAR,eterbe house - CƒÉn h·ªô cao c·∫•p ƒê√¨nh Th√¥n,private_room,1,0,362405,2.0,1.0,1.0,2.0,1.0,1.0,2.0,2.0,2.0,0.0,2.0,2.0,1.0,1.0,0.0,1.0,0.16666666666666666,1.0,2.0,2.0,0.0,2.0,2.0,1.0,2.0,2.0,2.0,2.0,2.0,2.0,2.0,2.0,2.0,2.0,2.0,2.0,2.0,2.0
937272005664224368,0.0,hanoi,10,21.03166134767548,105.84462532254037,REGULAR,Ha Noi's Old Quarter|City center| Window Room,private_room,0,0,368775,2.0,1.0,1.0,2.0,2.0,2.0,2.0,2.0,2.0,0.0,0.0,1.0,2.0,2.0,0.0,0.0,0.0,1.0,2.0,2.0,2.0,2.0,2.0,1.0,2.0,2.0,1.0,2.0,2.0,2.0,1.0,2.0,2.0,2.0,2.0,2.0,2.0,2.0
47363762,0.0,hanoi,16,21.02759,105.84247,REGULAR,HBT Homestay | CƒÉn h·ªô 2 t·∫ßng kh√©p k√≠n | Ho√†n Ki·∫øm,entire_home,0,0,450765,2.0,1.0,1.0,1.0,2.0,1.0,2.0,2.0,2.0,0.0,0.0,1.0,2.0,2.0,0.0,0.0,0.0,1.0,2.0,2.0,2.0,2.0,2.0,1.0,2.0,2.0,2.0,2.0,2.0,2.0,2.0,1.0,2.0,2.0,2.0,2.0,2.0,2.0
825829918200290669,5.0,hanoi,7,21.0189403,105.7768348,REGULAR,CƒÉn h·ªô cho thu√™ t·∫°i MyDinh,entire_home,3,0,350000,2.0,1.0,1.0,1.0,2.0,1.0,2.0,2.0,2.0,0.0,0.0,1.0,2.0,1.0,0.0,0.0,0.0,2.0,2.0,2.0,2.0,2.0,2.0,1.0,2.0,2.0,2.0,2.0,2.0,2.0,2.0,2.0,2.0,2.0,2.0,2.0,2.0,2.0
922153641990302056,0.0,hanoi,13,21.01141230755941,105.85943821817636,REGULAR,C·ª≠a s·ªï l·ªõn-g·∫ßn trung t√¢m-b·∫øp,private_room,0,0,366884,2.0,1.0,1.0,1.0,2.0,2.0,2.0,2.0,2.0,0.0,0.0,1.0,2.0,1.0,0.0,1.0,0.0,1.0,2.0,2.0,2.0,1.0,2.0,1.0,2.0,2.0,2.0,2.0,2.0,2.0,2.0,2.0,2.0,2.0,2.0,2.0,2.0,2.0
843928904800987551,3.5,hanoi,7,21.0315055,105.855027,REGULAR,"Ph√≤ng ·∫•m c√∫ng ·ªü H·ªì G∆∞∆°m, Ho√†n Ki·∫øm",private_room,8,0,302778,2.0,1.0,1.0,2.0,2.0,1.0,1.0,2.0,2.0,2.0,2.0,1.0,2.0,2.0,0.0,0.0,0.0,1.0,2.0,2.0,2.0,2.0,1.0,1.0,1.0,2.0,2.0,2.0,2.0,2.0,2.0,1.0,2.0,2.0,2.0,2.0,2.0,2.0
907614103408958750,0.0,hanoi,10,21.0341383,105.8057554,REGULAR,Studio Fully furnished- VnaHomes,private_room,0,0,447200,2.0,1.0,1.0,1.0,2.0,1.0,2.0,2.0,2.0,0.0,2.0,2.0,2.0,1.0,0.0,0.0,0.0,2.0,2.0,2.0,2.0,2.0,2.0,1.0,2.0,2.0,2.0,2.0,2.0,2.0,2.0,2.0,2.0,2.0,2.0,2.0,2.0,2.0
47752792,4.63,hanoi,11,21.0556,105.82077,REGULAR,Lagrace05 Ch·ªó ·ªü ƒë·∫πp v√† ·∫•m c√∫ng,entire_home,51,0,456471,2.0,1.0,1.0,1.0,1.0,2.0,2.0,2.0,2.0,0.0,2.0,1.0,2.0,2.0,0.0,0.0,0.0,1.0,1.0,2.0,2.0,2.0,2.0,1.0,1.0,2.0,2.0,2.0,2.0,2.0,2.0,2.0,2.0,2.0,2.0,2.0,2.0,2.0
835896006413135819,4.83,hanoi,20,21.02828,105.84484,REGULAR,The Heart Of Old Quater/ Super Location,entire_home,6,0,453214,3.0,1.0,1.0,1.0,2.0,1.0,1.0,2.0,2.0,0.0,0.0,1.0,2.0,2.0,0.0,0.0,0.0,1.0,2.0,2.0,2.0,2.0,2.0,2.0,1.0,2.0,2.0,2.0,2.0,2.0,2.0,2.0,2.0,2.0,2.0,2.0,2.0,2.0
28697951,5.0,hanoi,11,21.0552,105.8207,REGULAR,Nh√† ·ªü chung c∆∞ Xu√¢n La,entire_home,6,0,464514,2.0,1.0,1.0,1.0,1.0,2.0,2.0,2.0,2.0,2.0,2.0,1.0,1.0,2.0,0.0,0.0,0.0,1.0,2.0,2.0,2.0,2.0,1.0,1.0,2.0,2.0,1.0,2.0,2.0,2.0,2.0,2.0,2.0,2.0,2.0,2.0,2.0,2.0
10540525,4.78,hanoi,26,21.03316,105.84552,REGULAR,Ph√≤ng studio r·ªông r√£i g·∫ßn khu ph·ªë c·ªï,private_room,244,0,456471,2.0,1.0,1.0,1.0,2.0,2.0,2.0,2.0,2.0,0.0,0.0,1.0,2.0,2.0,1.0,1.0,8.0,1.0,2.0,2.0,2.0,1.0,2.0,1.0,1.0,2.0,2.0,2.0,2.0,2.0,2.0,2.0,2.0,2.0,2.0,2.0,2.0,2.0
893229812700211252,0.0,hanoi,9,21.0246426,105.7924486,REGULAR,ph√≤ng studio c·∫ßu gi·∫•y,entire_home,0,0,417483,2.0,1.0,1.0,1.0,1.0,2.0,2.0,2.0,2.0,2.0,2.0,1.0,1.0,1.0,0.0,0.0,0.0,1.0,2.0,2.0,2.0,2.0,2.0,1.0,1.0,2.0,2.0,2.0,2.0,2.0,2.0,2.0,2.0,2.0,2.0,2.0,2.0,2.0
638097652302709346,4.86,hanoi,17,21.03096,105.8498,REGULAR,CƒÉn h·ªô Le Dotie_ 50m ƒë·∫øn h·ªì Ho√†n Ki·∫øm,private_room,7,0,345692,2.0,2.0,2.0,2.0,2.0,2.0,2.0,2.0,2.0,2.0,2.0,2.0,2.0,2.0,0.0,1.0,5.0,2.0,2.0,2.0,2.0,2.0,2.0,2.0,2.0,2.0,2.0,2.0,2.0,2.0,2.0,2.0,2.0,2.0,2.0,2.0,2.0,2.0
844817886726901754,4.67,hanoi,8,21.033092023426853,105.81121545284986,REGULAR,3 studio near WestLake and Lotte BaDinh,private_room,6,0,357759,2.0,1.0,1.0,1.0,2.0,2.0,2.0,2.0,2.0,0.0,0.0,1.0,2.0,1.0,0.0,0.0,0.0,1.0,1.0,2.0,2.0,2.0,2.0,2.0,1.0,2.0,2.0,2.0,2.0,2.0,2.0,2.0,2.0,2.0,2.0,2.0,2.0,2.0
933182080020296324,0.0,hanoi,30,21.036722882601953,105.85224816256563,REGULAR,An_Sunshine Loft/Big Window/Old Quarter/Checkin247,private_room,0,0,448350,2.0,2.0,1.0,2.0,2.0,1.0,1.0,2.0,2.0,0.0,0.0,1.0,2.0,1.0,0.0,1.0,0.0,2.0,2.0,2.0,2.0,1.0,2.0,2.0,1.0,2.0,2.0,2.0,2.0,2.0,1.0,2.0,2.0,2.0,2.0,2.0,2.0,2.0
20019831,4.91,hanoi,30,21.04287,105.79099,REGULAR,"Ph√≤ng c√≥ b·∫øp, WC, Netflix g·∫ßn ph·ªë khu ƒÉn u·ªëng",entire_home,205,0,429569,3.0,1.0,1.0,1.0,2.0,1.0,2.0,2.0,2.0,2.0,2.0,1.0,2.0,1.0,0.0,0.0,0.0,1.0,2.0,2.0,2.0,2.0,2.0,1.0,1.0,2.0,2.0,2.0,2.0,2.0,2.0,1.0,2.0,2.0,2.0,2.0,2.0,2.0
775006366335844531,0.0,hanoi,19,21.03778,105.82332,REGULAR,NatureLight_StudioCENTER_BADINH,private_room,2,0,472788,2.0,1.0,1.0,1.0,2.0,2.0,2.0,2.0,2.0,0.0,0.0,1.0,1.0,1.0,1.0,1.0,4.0,1.0,2.0,2.0,2.0,1.0,2.0,2.0,2.0,2.0,2.0,2.0,2.0,2.0,2.0,2.0,2.0,2.0,2.0,2.0,2.0,2.0
632296533719672996,0.0,hanoi,10,21.01829,105.84683,REGULAR,CƒÉn h·ªô Avocado - 10 ph√∫t ƒë·∫øn Ph·ªë c·ªï,private_room,0,0,449108,5.0,1.0,1.0,1.0,2.0,1.0,1.0,2.0,2.0,0.0,0.0,1.0,2.0,2.0,0.0,1.0,0.0,2.0,2.0,2.0,0.0,2.0,2.0,2.0,1.0,2.0,2.0,2.0,2.0,2.0,2.0,2.0,2.0,2.0,2.0,2.0,2.0,2.0
681461296652410397,4.25,hanoi,10,21.04346,105.84274,REGULAR,"Faro 3, Nh√† c√≥ 1 ph√≤ng ng·ªß t·∫°i Ba ƒê√¨nh",private_room,8,0,473425,4.0,1.0,1.0,1.0,2.0,1.0,2.0,1.0,2.0,0.0,0.0,2.0,2.0,1.0,0.0,1.0,3.0,2.0,2.0,1.0,2.0,1.0,2.0,2.0,2.0,2.0,2.0,2.0,2.0,2.0,2.0,2.0,2.0,2.0,2.0,2.0,2.0,2.0
24218923,4.79,hanoi,14,21.02973,105.80951,REGULAR,CƒÉn h·ªô Ba ƒê√¨nh Studio v·ªõi t·∫ßm nh√¨n ra th√†nh ph·ªë,entire_home,14,0,445059,2.0,1.0,1.0,1.0,2.0,2.0,2.0,2.0,2.0,0.0,0.0,1.0,2.0,2.0,0.0,0.0,0.0,1.0,2.0,2.0,2.0,2.0,1.0,1.0,2.0,2.0,1.0,2.0,2.0,2.0,2.0,2.0,2.0,2.0,2.0,2.0,2.0,2.0
29343797,4.65,hanoi,16,21.06185,105.82189,REGULAR,"R401 - V·ªã tr√≠ ƒë·∫πp & y√™n tƒ©nh ·ªü ƒê·∫∑ng Thai Mai, T√¢y H·ªì",entire_home,44,0,437883,2.0,1.0,1.0,1.0,2.0,2.0,2.0,2.0,2.0,2.0,2.0,1.0,1.0,2.0,0.0,0.0,0.0,1.0,2.0,2.0,2.0,2.0,1.0,2.0,1.0,2.0,1.0,2.0,2.0,2.0,1.0,2.0,2.0,2.0,2.0,2.0,2.0,2.0
916113594323304009,0.0,hanoi,11,21.0342015,105.8324867,REGULAR,Audray‚Äôs Homestay,private_room,0,0,431608,2.0,2.0,1.0,2.0,1.0,2.0,2.0,2.0,2.0,0.0,0.0,1.0,1.0,1.0,0.0,1.0,0.0,1.0,2.0,2.0,2.0,1.0,2.0,1.0,2.0,2.0,2.0,2.0,2.0,2.0,2.0,2.0,2.0,2.0,2.0,2.0,2.0,2.0
607518036738741515,4.75,hanoi,30,21.03389,105.83329,REGULAR,CƒÉn h·ªô Le Jane - LƒÉng Ch·ªß t·ªãch H·ªì Ch√≠ Minh g·∫ßn ƒë√≥,private_room,4,0,482203,2.0,1.0,1.0,1.0,2.0,1.0,2.0,2.0,2.0,0.0,0.0,1.0,1.0,2.0,0.0,1.0,5.0,2.0,2.0,2.0,2.0,1.0,2.0,2.0,1.0,2.0,2.0,2.0,2.0,2.0,2.0,2.0,2.0,2.0,2.0,2.0,2.0,2.0
43785127,4.14,hanoi,17,21.03892,105.84705,REGULAR,Annam‚ù§Ô∏èTrain street‚òÖTo√†n b·ªô studio m·ªõi‚ù§ Ô∏èXanh b·∫°c h√†,entire_home,42,0,406259,2.0,1.0,1.0,2.0,2.0,1.0,2.0,1.0,1.0,0.0,2.0,2.0,2.0,2.0,0.0,0.0,0.0,1.0,2.0,2.0,2.0,2.0,2.0,2.0,2.0,2.0,2.0,2.0,2.0,1.0,2.0,2.0,1.0,2.0,2.0,2.0,2.0,2.0
937250217714214088,0.0,hanoi,10,21.0282517,105.8431422,REGULAR,Babylon * 10minsto HoanKiemLake,private_room,0,0,410859,2.0,1.0,1.0,1.0,2.0,1.0,1.0,2.0,2.0,0.0,2.0,1.0,1.0,2.0,0.0,0.0,0.0,2.0,1.0,1.0,2.0,2.0,2.0,2.0,2.0,2.0,2.0,2.0,2.0,2.0,2.0,2.0,2.0,2.0,2.0,2.0,2.0,2.0
876509822188179585,4.33,hanoi,8,21.0189403,105.7768348,REGULAR,DinhThon Studio Apartment,entire_home,3,0,350000,2.0,1.0,1.0,1.0,2.0,1.0,2.0,2.0,2.0,0.0,0.0,2.0,2.0,1.0,0.0,0.0,0.0,2.0,2.0,2.0,2.0,2.0,2.0,1.0,2.0,2.0,2.0,2.0,2.0,2.0,2.0,2.0,2.0,2.0,2.0,2.0,2.0,2.0
13788880,4.96,hanoi,30,21.03773,105.82974,REGULAR,Studio ƒë∆∞·ª£c trang b·ªã n·ªôi th·∫•t Ba ƒê√¨nh g·∫ßn H·ªì T√¢y & Lotte,entire_home,24,0,458605,2.0,1.0,1.0,1.0,2.0,2.0,2.0,2.0,2.0,0.0,0.0,1.0,2.0,1.0,0.0,0.0,0.0,1.0,2.0,2.0,2.0,2.0,1.0,2.0,1.0,2.0,2.0,2.0,2.0,2.0,2.0,2.0,2.0,2.0,2.0,2.0,2.0,2.0
613431475800553165,4.44,hanoi,16,21.036753,105.852882,REGULAR,"Tr√°i tim c·ªßa khu ph·ªë c·ªï v·ªõi m√°y chi·∫øu, t·∫ßm nh√¨n ƒë√°ng y√™u",entire_home,25,0,374306,2.0,1.0,1.0,1.0,1.0,2.0,2.0,2.0,2.0,0.0,0.0,1.0,2.0,1.0,0.0,0.0,0.0,1.0,2.0,2.0,2.0,2.0,2.0,2.0,2.0,2.0,2.0,2.0,2.0,2.0,1.0,2.0,2.0,2.0,2.0,2.0,2.0,2.0
709835938086573677,4.89,hanoi,6,21.04372,105.84103,REGULAR,CƒÉn h·ªô cao c·∫•p trung t√¢m Q. Ba ƒê√¨nh,private_room,64,0,433647,2.0,1.0,1.0,1.0,2.0,1.0,2.0,1.0,1.0,0.0,0.0,2.0,1.0,1.0,0.0,0.0,0.0,2.0,2.0,2.0,2.0,2.0,2.0,2.0,2.0,2.0,2.0,2.0,2.0,2.0,2.0,2.0,2.0,2.0,2.0,2.0,2.0,2.0
871358493981648713,0.0,hanoi,9,21.05197,105.83642,REGULAR,KEM HOME / 1 Bedroom / Balcony,entire_home,0,0,487853,2.0,1.0,1.0,1.0,2.0,2.0,2.0,2.0,2.0,0.0,0.0,1.0,2.0,1.0,0.0,0.0,0.0,1.0,2.0,2.0,2.0,2.0,1.0,1.0,2.0,2.0,2.0,2.0,2.0,2.0,2.0,2.0,2.0,2.0,2.0,2.0,2.0,2.0
924665475588354817,0.0,hanoi,13,21.05850944457178,105.83428840791832,REGULAR,R4 Studio ch·ª£ hoa T√¢y H·ªì.,private_room,0,0,433739,2.0,1.0,1.0,1.0,2.0,2.0,2.0,2.0,2.0,0.0,0.0,1.0,2.0,1.0,0.0,0.0,0.0,1.0,2.0,2.0,2.0,2.0,1.0,2.0,1.0,2.0,2.0,2.0,2.0,2.0,2.0,2.0,2.0,2.0,2.0,2.0,2.0,2.0
653962105972226033,0.0,hanoi,13,21.03037,105.84714,REGULAR,CƒÉn h·ªô Th·ªè_5 ph√∫t ƒë·∫øn Nh√† th·ªù,private_room,2,0,430579,2.0,1.0,1.0,2.0,1.0,1.0,1.0,1.0,2.0,0.0,0.0,1.0,2.0,2.0,0.0,1.0,5.0,2.0,2.0,2.0,2.0,1.0,2.0,2.0,2.0,2.0,2.0,2.0,2.0,2.0,2.0,2.0,2.0,2.0,2.0,2.0,2.0,2.0
684318065354819712,4.39,hanoi,10,21.0192407,105.8527467,REGULAR,V·ªã tr√≠ trung t√¢m - Ban c√¥ng Homestay,entire_home,36,0,445059,2.0,1.0,1.0,2.0,2.0,1.0,1.0,2.0,2.0,0.0,0.0,1.0,2.0,2.0,0.0,0.0,0.0,1.0,2.0,2.0,2.0,2.0,2.0,1.0,1.0,2.0,2.0,2.0,2.0,2.0,2.0,2.0,2.0,2.0,2.0,2.0,2.0,2.0
18487010,4.61,hanoi,16,21.05485,105.83753,REGULAR,S·ªëng c√πng gia ƒë√¨nh b·∫£n x·ª© Kim H√† N·ªôi 4,private_room,65,0,323718,2.0,1.0,1.0,1.0,1.0,2.0,2.0,2.0,2.0,0.0,0.0,1.0,2.0,2.0,1.0,1.0,6.0,1.0,2.0,2.0,0.0,2.0,2.0,1.0,2.0,2.0,2.0,2.0,2.0,2.0,2.0,2.0,2.0,2.0,2.0,2.0,2.0,2.0
21716101,4.65,hanoi,15,21.05525,105.83541,REGULAR,Ph√≤ng studio King,entire_home,24,0,404667,2.0,1.0,1.0,1.0,1.0,1.0,2.0,1.0,2.0,0.0,2.0,2.0,2.0,2.0,0.0,0.0,0.0,1.0,2.0,2.0,2.0,2.0,2.0,1.0,2.0,2.0,2.0,2.0,2.0,2.0,2.0,1.0,2.0,2.0,2.0,2.0,2.0,2.0
680119000770696802,0.0,hanoi,7,21.01774,105.84667,REGULAR,CƒÉn h·ªô Esther - 5 ph√∫t ƒë·∫øn Khu ph·ªë c·ªï,private_room,2,0,380103,2.0,1.0,1.0,2.0,2.0,1.0,2.0,2.0,2.0,0.0,0.0,1.0,2.0,2.0,0.0,1.0,5.0,2.0,2.0,1.0,2.0,1.0,2.0,1.0,1.0,2.0,2.0,2.0,2.0,2.0,2.0,2.0,2.0,2.0,2.0,2.0,2.0,2.0
41022125,4.88,hanoi,20,21.0389,105.82903,REGULAR,"Nh√† t√¥i c√≥ b·ªën ph√≤ng s·∫°ch s·∫Ω, y√™n tƒ©nh. R2",entire_home,16,0,414330,3.0,1.0,1.0,1.0,2.0,2.0,2.0,2.0,2.0,0.0,0.0,1.0,1.0,1.0,0.0,0.0,0.0,1.0,2.0,2.0,2.0,2.0,1.0,2.0,2.0,2.0,2.0,2.0,2.0,2.0,2.0,2.0,2.0,2.0,2.0,2.0,2.0,2.0
890913492801885089,0.0,hanoi,9,21.04911,105.84742,REGULAR,Rent-a-Room - Serviced Apartment (3B),private_room,0,0,395156,2.0,1.0,1.0,2.0,2.0,1.0,1.0,2.0,2.0,0.0,2.0,1.0,1.0,1.0,0.0,0.0,0.0,1.0,2.0,2.0,2.0,2.0,2.0,1.0,2.0,2.0,2.0,2.0,2.0,2.0,2.0,2.0,2.0,2.0,2.0,2.0,2.0,2.0
936720149795485988,0.0,hanoi,11,21.065579617343985,105.82830569422066,REGULAR,"R5 Studio ch·ª£ hoa T√¢y H·ªì, H√† N·ªôi.",private_room,0,0,437607,2.0,1.0,1.0,1.0,2.0,2.0,2.0,2.0,2.0,0.0,0.0,1.0,2.0,1.0,0.0,0.0,0.0,1.0,2.0,2.0,2.0,2.0,2.0,1.0,1.0,2.0,2.0,2.0,2.0,2.0,2.0,2.0,2.0,2.0,2.0,2.0,2.0,2.0
35044198,4.8,hanoi,22,21.03537,105.82274,REGULAR,Quyet Homestay #6 (Mekong Delta Studio),private_room,20,0,377679,2.0,1.0,1.0,1.0,2.0,1.0,2.0,2.0,2.0,0.0,0.0,1.0,2.0,2.0,1.0,1.0,6.0,1.0,2.0,2.0,2.0,1.0,2.0,1.0,2.0,2.0,2.0,2.0,2.0,2.0,2.0,2.0,2.0,2.0,2.0,2.0,2.0,2.0
791750120177725056,4.89,hanoi,16,21.03319,105.8517,REGULAR,Ph√≤ng Ruby - Tho·∫£i m√°i v√† th√¢n thi·ªán v·ªõi m√¥i tr∆∞·ªùng - G√°c m√°i Ng√µ,private_room,9,0,337523,3.0,1.0,1.0,2.0,2.0,1.0,2.0,2.0,2.0,0.0,2.0,1.0,1.0,1.0,0.0,0.0,0.0,1.0,2.0,2.0,2.0,2.0,2.0,2.0,1.0,2.0,1.0,2.0,2.0,2.0,2.0,2.0,2.0,2.0,2.0,2.0,2.0,2.0
655633424964749959,4.7,hanoi,19,21.05558,105.83678,REGULAR,Kimhanoi Homestay 5,private_room,10,0,404659,2.0,2.0,1.0,2.0,2.0,1.0,2.0,1.0,2.0,0.0,0.0,1.0,2.0,2.0,1.0,1.0,6.0,1.0,2.0,2.0,0.0,2.0,2.0,2.0,2.0,2.0,2.0,2.0,2.0,1.0,2.0,2.0,2.0,2.0,2.0,2.0,2.0,2.0
41021794,0.0,hanoi,12,21.03599,105.82683,REGULAR,"Nh√† t√¥i c√≥ b·ªën ph√≤ng s·∫°ch s·∫Ω, y√™n tƒ©nh. x2",private_room,1,0,330384,3.0,1.0,1.0,1.0,2.0,2.0,2.0,2.0,2.0,0.0,0.0,1.0,1.0,1.0,1.0,1.0,4.0,1.0,2.0,2.0,2.0,1.0,2.0,2.0,2.0,2.0,2.0,2.0,2.0,2.0,2.0,2.0,2.0,2.0,2.0,2.0,2.0,2.0
633052597728065291,4.13,hanoi,6,21.043295,105.842979,REGULAR,Sunny Room Hanoi - CityView - R√™ver Home,private_room,8,0,339500,2.0,2.0,1.0,1.0,2.0,1.0,2.0,1.0,2.0,0.0,0.0,1.0,2.0,1.0,0.0,0.0,0.0,1.0,2.0,2.0,2.0,2.0,2.0,2.0,2.0,2.0,2.0,2.0,2.0,2.0,2.0,2.0,2.0,2.0,2.0,2.0,2.0,2.0
662191224149846864,4.57,hanoi,15,21.03601,105.85202,REGULAR,‚ù§Ô∏èCentralOldTown-BeerStreetüåüOMoHouseüíïSelfCheck247,private_room,23,0,332877,2.0,2.0,1.0,2.0,2.0,1.0,2.0,1.0,2.0,0.0,0.0,1.0,2.0,1.0,0.0,0.0,0.0,1.0,2.0,2.0,2.0,2.0,2.0,2.0,1.0,2.0,2.0,2.0,2.0,2.0,2.0,1.0,2.0,2.0,2.0,2.0,2.0,2.0
41096760,4.08,hanoi,19,21.02237,105.84753,REGULAR,BUZZ Home 2‚ù§Ô∏è Ph√≤ng t·∫Øm ri√™ng ‚òÖY√™n tƒ©nh ‚òÖTrung t√¢m,private_room,26,0,479294,2.0,1.0,1.0,2.0,2.0,1.0,2.0,1.0,1.0,0.0,0.0,2.0,2.0,2.0,0.0,1.0,4.0,1.0,2.0,2.0,2.0,1.0,2.0,1.0,2.0,2.0,2.0,2.0,2.0,2.0,2.0,2.0,2.0,2.0,2.0,2.0,2.0,2.0
758147381663051289,5.0,hanoi,7,21.03388,105.85356,REGULAR,Discovery homestay cosy single,private_room,3,0,285294,1.0,2.0,1.0,1.0,2.0,1.0,1.0,1.0,2.0,0.0,0.0,2.0,2.0,1.0,0.0,0.0,0.0,2.0,2.0,2.0,2.0,2.0,2.0,2.0,2.0,2.0,2.0,2.0,2.0,2.0,2.0,2.0,2.0,2.0,2.0,2.0,2.0,2.0
36889243,4.86,hanoi,17,20.9875,105.79552,REGULAR,- C·∫¢I T·∫†O M·ªöI Ph√≤ng T∆∞ nh√¢n g·∫ßn tr∆∞·ªùng ƒê·∫°i h·ªçc H√† N·ªôi.,private_room,7,0,260153,2.0,1.0,1.0,2.0,2.0,1.0,2.0,2.0,2.0,0.0,0.0,1.0,2.0,1.0,0.0,1.0,4.0,1.0,2.0,2.0,2.0,1.0,2.0,1.0,2.0,2.0,2.0,2.0,2.0,2.0,2.0,2.0,2.0,2.0,2.0,2.0,2.0,2.0
713280798716468993,4.38,hanoi,10,21.030949,105.850153,REGULAR,"Condo with kitchen in Ho Guom, Ta Hien, Cathedral!",private_room,40,0,455491,2.0,1.0,1.0,2.0,2.0,1.0,1.0,2.0,2.0,2.0,2.0,1.0,2.0,2.0,0.0,0.0,0.0,2.0,2.0,2.0,2.0,2.0,1.0,2.0,1.0,1.0,2.0,2.0,2.0,2.0,1.0,1.0,2.0,2.0,2.0,2.0,2.0,2.0
36694297,4.88,hanoi,21,21.05139,105.83713,REGULAR,V 's Home Westlake. Ng√¥i nh√† ·∫•m c√∫ng g·∫ßn Westlake 302,private_room,24,0,287051,1.0,1.0,1.0,2.0,2.0,1.0,2.0,2.0,2.0,0.0,0.0,1.0,2.0,2.0,1.0,1.0,4.0,1.0,2.0,2.0,2.0,1.0,1.0,1.0,2.0,2.0,2.0,2.0,2.0,2.0,2.0,2.0,2.0,2.0,2.0,2.0,2.0,2.0
927088510293149162,0.0,hanoi,7,21.0301814,105.8505091,REGULAR,Cairo * 50m to Hoan Kiem Lake,private_room,0,0,378977,2.0,2.0,1.0,1.0,2.0,1.0,2.0,1.0,2.0,0.0,0.0,1.0,1.0,2.0,0.0,1.0,0.0,2.0,2.0,2.0,0.0,2.0,2.0,2.0,2.0,2.0,2.0,1.0,2.0,2.0,2.0,2.0,2.0,2.0,2.0,2.0,2.0,2.0
653898268956520356,4.67,hanoi,13,21.03034,105.84789,REGULAR,CƒÉn h·ªô chim_5 ph√∫t ƒë·∫øn Nh√† th·ªù,private_room,3,0,437938,2.0,1.0,1.0,1.0,1.0,2.0,2.0,2.0,2.0,0.0,0.0,1.0,2.0,2.0,0.0,1.0,5.0,2.0,2.0,2.0,2.0,1.0,2.0,1.0,2.0,1.0,2.0,2.0,2.0,2.0,2.0,2.0,2.0,2.0,2.0,2.0,2.0,2.0
936729195361860088,0.0,hanoi,12,21.067156557957595,105.82646728922728,REGULAR,"R2 Studio ch·ª£ hoa T√¢y H·ªì, H√† N·ªôi",private_room,0,0,465991,2.0,1.0,1.0,1.0,2.0,2.0,2.0,2.0,2.0,0.0,2.0,1.0,2.0,1.0,0.0,0.0,0.0,1.0,2.0,2.0,2.0,2.0,1.0,1.0,1.0,2.0,2.0,2.0,2.0,2.0,2.0,2.0,2.0,2.0,2.0,2.0,2.0,2.0
36889255,4.29,hanoi,16,20.98549,105.79713,REGULAR,M·ªöI C·∫¢I T·∫†O - Ph√≤ng ri√™ng g·∫ßn HANU,private_room,7,0,345741,2.0,1.0,1.0,2.0,2.0,1.0,2.0,2.0,2.0,0.0,0.0,1.0,2.0,1.0,0.0,1.0,4.0,1.0,2.0,2.0,2.0,1.0,2.0,1.0,2.0,2.0,2.0,2.0,2.0,2.0,2.0,2.0,2.0,2.0,2.0,2.0,2.0,2.0
29995408,4.74,hanoi,30,21.03632,105.85274,REGULAR,Nh√† c·ªßa Tr·∫ßn - view th√†nh ph·ªë/T·∫ßng th∆∞·ª£ng l·ªõn/Qtr C≈© trung t√¢m,private_room,139,0,436000,2.0,2.0,1.0,1.0,2.0,1.0,2.0,2.0,2.0,0.0,0.0,1.0,1.0,2.0,0.0,1.0,5.0,2.0,2.0,2.0,2.0,1.0,1.0,2.0,2.0,1.0,2.0,2.0,2.0,2.0,2.0,2.0,2.0,2.0,2.0,2.0,2.0,2.0
748745152068976817,0.0,hanoi,14,21.03541601649725,105.87025944592436,REGULAR,Nh√† c·ªßa V 's Red River. Ng√¥i nh√† c·ªï g·∫ßn trung t√¢m 302,private_room,0,0,319530,2.0,1.0,1.0,2.0,2.0,1.0,2.0,2.0,2.0,0.0,0.0,2.0,2.0,1.0,1.0,1.0,0.0,1.0,2.0,2.0,2.0,1.0,1.0,1.0,2.0,2.0,2.0,2.0,2.0,2.0,2.0,2.0,2.0,2.0,2.0,2.0,2.0,2.0
40955812,4.9,hanoi,30,21.03682,105.82173,REGULAR,DC302 - Trung t√¢m Ba ƒê√¨nh,entire_home,31,0,494064,2.0,1.0,1.0,1.0,1.0,1.0,2.0,2.0,2.0,2.0,2.0,1.0,1.0,2.0,0.0,0.0,0.0,1.0,2.0,2.0,2.0,2.0,2.0,1.0,2.0,1.0,2.0,2.0,2.0,2.0,2.0,2.0,2.0,2.0,2.0,2.0,2.0,2.0
32847325,4.9,hanoi,17,21.04571,105.84212,REGULAR,Linnie 's Abditory - ·ªû trung t√¢m H√† N·ªôi,entire_home,106,0,419953,2.0,2.0,1.0,2.0,2.0,1.0,2.0,1.0,1.0,0.0,0.0,2.0,2.0,2.0,0.0,0.0,0.0,2.0,2.0,2.0,2.0,2.0,2.0,2.0,2.0,2.0,2.0,2.0,2.0,1.0,2.0,2.0,2.0,2.0,2.0,2.0,2.0,2.0
911845793113843796,0.0,hanoi,14,21.0223852,105.8596261,REGULAR,Alluring 1 | M·ªõi ƒë∆∞·ª£c x√¢y | G·∫ßn Nh√† H√°t L·ªõn,private_room,1,0,412035,3.0,1.0,1.0,2.0,2.0,2.0,2.0,2.0,2.0,0.0,0.0,1.0,2.0,1.0,0.0,1.0,0.08333333333333333,1.0,2.0,2.0,2.0,1.0,2.0,2.0,1.0,2.0,2.0,2.0,2.0,2.0,1.0,2.0,2.0,2.0,2.0,2.0,2.0,2.0
935137551405371942,0.0,hanoi,6,20.969594390510352,105.79836465418339,REGULAR,Cozy white place in Ha Dong,private_room,0,0,275899,2.0,1.0,1.0,2.0,1.0,1.0,2.0,1.0,2.0,0.0,0.0,1.0,2.0,1.0,0.0,0.0,0.0,2.0,2.0,2.0,2.0,2.0,2.0,1.0,2.0,2.0,2.0,2.0,2.0,2.0,2.0,2.0,2.0,2.0,2.0,2.0,2.0,2.0
37011120,4.81,hanoi,14,21.02888,105.84857,REGULAR,Nh√† Chu√¥ng - Ph√≤ng N√¢u - T·∫ßng 2,private_room,26,0,484506,2.0,1.0,1.0,1.0,2.0,1.0,2.0,1.0,2.0,0.0,0.0,2.0,2.0,2.0,0.0,1.0,4.0,2.0,2.0,2.0,2.0,1.0,2.0,2.0,2.0,2.0,2.0,2.0,2.0,2.0,2.0,2.0,2.0,2.0,2.0,2.0,2.0,2.0
884522026093493882,0.0,hanoi,20,21.01976,105.85414,REGULAR,Comfort/bathtub/HoanKiem/Cental,private_room,1,0,340880,2.0,1.0,1.0,2.0,2.0,1.0,2.0,2.0,2.0,0.0,0.0,2.0,2.0,1.0,0.0,1.0,5.0,2.0,1.0,2.0,2.0,1.0,2.0,1.0,2.0,2.0,2.0,2.0,2.0,2.0,2.0,2.0,2.0,2.0,2.0,2.0,2.0,2.0
709053143486862597,4.45,hanoi,9,21.030949,105.850153,REGULAR,"!Lovelycondo center Old Quarter,Ho Guom,Cathedral!",private_room,47,0,482683,2.0,1.0,1.0,1.0,2.0,1.0,1.0,2.0,2.0,2.0,2.0,1.0,2.0,2.0,0.0,0.0,0.0,2.0,2.0,2.0,2.0,2.0,1.0,2.0,1.0,1.0,2.0,2.0,2.0,2.0,2.0,1.0,2.0,2.0,2.0,2.0,2.0,2.0
930214359321432932,0.0,hanoi,5,21.0168723053616,105.85355882787732,REGULAR,Budget Double room/Share kitchen,private_room,0,0,330952,2.0,2.0,1.0,1.0,2.0,1.0,2.0,2.0,2.0,0.0,0.0,1.0,2.0,1.0,0.0,1.0,0.0,2.0,2.0,2.0,2.0,1.0,2.0,2.0,2.0,2.0,2.0,2.0,2.0,2.0,2.0,2.0,2.0,2.0,2.0,2.0,2.0,2.0
36588277,4.63,hanoi,19,21.05256,105.83756,REGULAR,V‚Äôs Home Westlake. Cozy house near Westlake 301,private_room,8,0,321812,2.0,1.0,1.0,2.0,2.0,1.0,2.0,1.0,2.0,0.0,0.0,2.0,2.0,2.0,1.0,1.0,4.0,1.0,2.0,2.0,2.0,1.0,1.0,2.0,2.0,2.0,2.0,2.0,2.0,2.0,2.0,1.0,2.0,2.0,2.0,2.0,2.0,2.0
783198535105922177,5.0,hanoi,18,21.036957483531438,105.82483576454331,REGULAR,The Strawberry house 1A,private_room,9,0,291339,2.0,1.0,1.0,1.0,2.0,2.0,2.0,2.0,2.0,0.0,0.0,1.0,2.0,2.0,1.0,1.0,0.5833333333333334,1.0,2.0,2.0,0.0,2.0,2.0,2.0,2.0,1.0,2.0,2.0,2.0,2.0,1.0,2.0,2.0,2.0,2.0,2.0,2.0,2.0
774477800631864261,4.9,hanoi,16,21.03356143126132,105.85231829434633,REGULAR,Ph√≤ng Kh√¥ng gian - ·ªû trung t√¢m Khu ph·ªë c·ªï,private_room,10,0,472182,3.0,1.0,1.0,2.0,2.0,1.0,2.0,2.0,2.0,0.0,2.0,1.0,1.0,1.0,1.0,1.0,0.5833333333333334,1.0,2.0,2.0,0.0,2.0,2.0,2.0,1.0,2.0,2.0,2.0,2.0,2.0,2.0,2.0,2.0,2.0,2.0,2.0,2.0,2.0
936715703966156073,0.0,hanoi,15,21.03587491336434,105.8301591460327,REGULAR,Studio Room 3288NH-402,private_room,0,0,439645,2.0,1.0,1.0,2.0,2.0,1.0,2.0,2.0,2.0,2.0,2.0,2.0,2.0,1.0,0.0,0.0,0.0,2.0,2.0,2.0,2.0,2.0,2.0,1.0,2.0,2.0,2.0,2.0,2.0,1.0,2.0,2.0,2.0,2.0,2.0,2.0,2.0,2.0
20395774,4.53,hanoi,16,21.0547,105.83759,REGULAR,S·ªëng c√πng gia ƒë√¨nh b·∫£n x·ª© Kim H√† N·ªôi 1,private_room,15,0,323718,2.0,1.0,1.0,1.0,2.0,2.0,2.0,2.0,2.0,0.0,0.0,1.0,2.0,2.0,1.0,1.0,6.0,1.0,1.0,2.0,0.0,2.0,2.0,1.0,2.0,2.0,2.0,2.0,2.0,2.0,2.0,2.0,2.0,2.0,2.0,2.0,2.0,2.0
620636692151759009,4.71,hanoi,11,21.02885,105.84758,REGULAR,CƒÉn h·ªô X∆Ø∆†NG R·ªíNG - c√°ch Nh√† th·ªù 100 m,private_room,7,0,414338,2.0,2.0,1.0,1.0,2.0,1.0,1.0,2.0,2.0,2.0,2.0,1.0,2.0,2.0,0.0,1.0,5.0,1.0,2.0,2.0,2.0,1.0,2.0,2.0,1.0,1.0,2.0,2.0,2.0,2.0,1.0,2.0,2.0,2.0,2.0,2.0,2.0,2.0
917638668869112493,4.75,hanoi,12,21.0301814,105.8505091,REGULAR,Le Teapot * 50m to HoanKiemLake,private_room,4,0,468369,2.0,1.0,1.0,1.0,2.0,1.0,1.0,1.0,2.0,0.0,0.0,2.0,1.0,2.0,0.0,1.0,5.0,2.0,2.0,2.0,0.0,2.0,2.0,2.0,2.0,2.0,2.0,2.0,2.0,2.0,2.0,2.0,2.0,2.0,2.0,2.0,2.0,2.0
36889236,5.0,hanoi,19,20.98653,105.79771,REGULAR,- C·∫¢I T·∫†O M·ªöI Ph√≤ng T∆∞ nh√¢n g·∫ßn tr∆∞·ªùng ƒê·∫°i h·ªçc H√† N·ªôi.,private_room,7,0,345741,2.0,1.0,1.0,2.0,2.0,1.0,2.0,2.0,2.0,0.0,0.0,1.0,2.0,1.0,0.0,1.0,4.0,1.0,2.0,2.0,2.0,1.0,2.0,1.0,2.0,2.0,2.0,2.0,2.0,2.0,2.0,2.0,2.0,2.0,2.0,2.0,2.0,2.0
604535276904676133,4.71,hanoi,4,21.01567,105.79514,REGULAR,HK HOTEL - Ph√≤ng Double h∆∞·ªõng ƒë∆∞·ªùng ph·ªë,private_room,7,0,433647,2.0,2.0,1.0,1.0,2.0,1.0,2.0,1.0,2.0,0.0,2.0,2.0,2.0,1.0,0.0,0.0,0.0,2.0,2.0,2.0,2.0,2.0,2.0,1.0,1.0,1.0,2.0,2.0,2.0,2.0,2.0,1.0,2.0,2.0,2.0,2.0,2.0,2.0
39404445,4.61,hanoi,19,21.03338,105.85096,REGULAR,Ph·ªë ‚ú®Bia‚ùó Ô∏è Ph√≤ng Ri√™ng NH·ªé ·∫§M c√∫ng‚ùó Ô∏è,private_room,95,0,404659,2.0,2.0,1.0,1.0,2.0,1.0,2.0,1.0,2.0,2.0,2.0,2.0,2.0,2.0,0.0,1.0,5.0,1.0,2.0,2.0,2.0,1.0,1.0,2.0,2.0,2.0,2.0,1.0,1.0,2.0,2.0,1.0,2.0,2.0,2.0,2.0,2.0,2.0
846942523759821901,0.0,hanoi,9,21.03851024450497,105.82022138907921,REGULAR,"CƒÉn h·ªô ti·ªán nghi v·ªõi kh√¥ng gian ri√™ng bi·ªát,·∫•m c√∫ng",private_room,0,0,388463,2.0,1.0,1.0,2.0,1.0,1.0,2.0,2.0,2.0,0.0,0.0,1.0,2.0,1.0,0.0,1.0,0.0,2.0,2.0,2.0,2.0,1.0,2.0,1.0,2.0,2.0,2.0,2.0,2.0,2.0,2.0,2.0,2.0,2.0,2.0,2.0,2.0,2.0
925043395149198906,0.0,hanoi,5,21.053720527305707,105.83321176604113,REGULAR,Studio xin x·∫Øn g·∫ßn h·ªì T√¢y,private_room,0,0,323725,2.0,1.0,1.0,1.0,2.0,1.0,2.0,2.0,2.0,0.0,2.0,1.0,2.0,1.0,0.0,1.0,0.0,2.0,2.0,2.0,2.0,1.0,2.0,1.0,2.0,2.0,2.0,2.0,2.0,2.0,2.0,2.0,2.0,2.0,2.0,2.0,2.0,2.0
892384851190489446,0.0,hanoi,7,21.011827361755184,105.85807245396727,REGULAR,CƒÉn h·ªô v·ªõi ban c√¥ng r·ªông g·∫ßn h·ªì,entire_home,0,0,498621,2.0,1.0,1.0,1.0,2.0,1.0,2.0,2.0,2.0,0.0,0.0,1.0,1.0,2.0,0.0,0.0,0.0,2.0,2.0,2.0,2.0,2.0,2.0,1.0,2.0,1.0,2.0,2.0,2.0,2.0,2.0,2.0,2.0,2.0,2.0,2.0,2.0,2.0
875633573374270267,0.0,hanoi,11,21.01348,105.86501,REGULAR,Cho thu√™ cƒÉn h·ªô 1 ph√≤ng ng·ªß R602,private_room,1,0,478381,2.0,1.0,1.0,1.0,2.0,1.0,1.0,2.0,2.0,2.0,2.0,1.0,2.0,1.0,0.0,1.0,0.25,1.0,2.0,2.0,0.0,2.0,2.0,2.0,1.0,2.0,2.0,2.0,2.0,2.0,2.0,2.0,2.0,2.0,2.0,2.0,2.0,2.0
630643621269241930,4.84,hanoi,17,21.03392,105.853676,REGULAR,Reale F5-3 - Chuy·∫øn phi√™u l∆∞u m·ªõi trong khu ph·ªë c·ªï,shared_room,19,0,273882,1.0,2.0,1.0,2.0,2.0,1.0,2.0,2.0,2.0,0.0,2.0,2.0,2.0,1.0,0.0,0.0,0.0,2.0,2.0,2.0,2.0,2.0,2.0,2.0,2.0,2.0,2.0,2.0,2.0,2.0,2.0,1.0,2.0,2.0,2.0,2.0,2.0,1.0
898356037936723117,4.8,hanoi,30,21.03142,105.8447,REGULAR,Hoan Kiem Lake - City Center - Best Price - 1R,private_room,5,0,319115,2.0,1.0,1.0,2.0,2.0,1.0,2.0,2.0,2.0,0.0,0.0,1.0,2.0,2.0,1.0,1.0,1.0,1.0,2.0,2.0,2.0,1.0,1.0,1.0,2.0,2.0,2.0,2.0,2.0,2.0,2.0,2.0,2.0,2.0,2.0,2.0,2.0,2.0
635328574774591357,4.72,hanoi,6,21.02488,105.85194,REGULAR,Studio ri√™ng ƒë√°ng y√™u cho 2 ng∆∞·ªùi ·ªü trung t√¢m H√† N·ªôi,entire_home,29,0,441994,2.0,1.0,1.0,1.0,2.0,2.0,2.0,2.0,2.0,0.0,0.0,1.0,1.0,1.0,0.0,0.0,0.0,1.0,2.0,2.0,2.0,2.0,2.0,2.0,2.0,2.0,1.0,2.0,2.0,2.0,2.0,2.0,2.0,2.0,2.0,2.0,2.0,2.0
41274968,5.0,hanoi,28,21.03297,105.81164,REGULAR,TV Netflix g·∫ßn h·ªì ƒë·ªëi di·ªán ƒë·∫°i s·ª© qu√°n Aus Ba ƒê√¨nh,entire_home,6,0,479294,2.0,1.0,1.0,1.0,1.0,1.0,2.0,1.0,2.0,2.0,2.0,2.0,2.0,2.0,0.0,0.0,0.0,2.0,2.0,2.0,2.0,2.0,1.0,1.0,2.0,2.0,2.0,2.0,2.0,2.0,2.0,2.0,1.0,2.0,2.0,2.0,2.0,2.0
820918144692660350,0.0,hanoi,30,21.066390200178247,105.82550979629517,REGULAR,"T√¢y H·ªì! Studio y√™n tƒ©nh, ·∫•m c√∫ng, g·∫ßn h·ªì",entire_home,0,0,420962,2.0,2.0,1.0,1.0,2.0,1.0,2.0,1.0,2.0,0.0,0.0,1.0,2.0,2.0,0.0,0.0,0.0,1.0,2.0,2.0,2.0,2.0,2.0,1.0,1.0,2.0,2.0,2.0,2.0,2.0,2.0,2.0,2.0,2.0,2.0,2.0,2.0,2.0
21548670,4.92,hanoi,30,21.03715,105.82878,REGULAR,Studio y√™n tƒ©nh ·ªü trung t√¢m Ba ƒê√¨nh c√≥ l·ªëi ra h·ªì,entire_home,36,0,410041,2.0,1.0,1.0,1.0,2.0,2.0,2.0,2.0,2.0,0.0,0.0,1.0,1.0,1.0,0.0,0.0,0.0,1.0,2.0,2.0,2.0,2.0,1.0,2.0,2.0,2.0,2.0,2.0,2.0,2.0,2.0,2.0,2.0,2.0,2.0,2.0,2.0,2.0
928060670923699791,0.0,hanoi,7,21.013468073307195,105.84741671163941,REGULAR,CƒÉn h·ªô studio Hai B√† Tr∆∞ng,private_room,0,0,431608,2.0,1.0,1.0,1.0,2.0,1.0,2.0,1.0,2.0,0.0,0.0,1.0,2.0,1.0,0.0,0.0,0.0,2.0,2.0,2.0,2.0,2.0,2.0,1.0,2.0,2.0,2.0,2.0,2.0,2.0,2.0,2.0,2.0,2.0,2.0,2.0,2.0,2.0
795443182618635525,4.33,hanoi,27,21.03567,105.8537,REGULAR,[03]Khu ph·ªë c·ªï/Bia/Ri√™ng t∆∞/·∫§m c√∫ng,private_room,6,0,402201,2.0,2.0,1.0,1.0,2.0,1.0,2.0,1.0,1.0,0.0,0.0,2.0,2.0,2.0,0.0,1.0,0.5,2.0,2.0,1.0,2.0,1.0,2.0,2.0,2.0,2.0,2.0,2.0,2.0,2.0,2.0,2.0,2.0,2.0,1.0,2.0,2.0,2.0
29195954,4.61,hanoi,23,21.02953,105.83724,REGULAR,#201 Studio √°nh s√°ng t·ª± nhi√™n v√† b√™n c·∫°nh VƒÉn Mi·∫øu,private_room,62,0,488910,3.0,1.0,1.0,1.0,1.0,2.0,2.0,2.0,2.0,0.0,0.0,1.0,2.0,2.0,0.0,1.0,5.0,1.0,2.0,2.0,2.0,1.0,2.0,1.0,2.0,2.0,2.0,2.0,2.0,2.0,2.0,2.0,2.0,2.0,2.0,2.0,2.0,2.0
931543859011824202,0.0,hanoi,12,21.03506,105.8263,REGULAR,Zozo 501,private_room,0,0,273882,2.0,2.0,1.0,1.0,2.0,1.0,2.0,2.0,1.0,0.0,0.0,2.0,2.0,2.0,0.0,1.0,0.0,2.0,2.0,2.0,2.0,1.0,2.0,1.0,1.0,2.0,2.0,2.0,2.0,2.0,2.0,2.0,2.0,2.0,2.0,2.0,2.0,2.0
891642208055903880,0.0,hanoi,8,21.0291829,105.8499351,REGULAR,Le Gaucho @ 50m to Cathedral,private_room,1,0,482160,2.0,1.0,1.0,1.0,2.0,1.0,2.0,1.0,2.0,0.0,0.0,1.0,2.0,2.0,0.0,1.0,5.0,2.0,2.0,2.0,2.0,1.0,2.0,2.0,2.0,2.0,2.0,2.0,2.0,1.0,2.0,2.0,2.0,2.0,2.0,2.0,2.0,2.0
670623513038643733,5.0,hanoi,13,21.02898,105.84788,REGULAR,CƒÉn h·ªô Elle_1 ph√∫t ƒë·∫øn Nh√† th·ªù_5 ph√∫t ƒë·∫øn h·ªì Ho√†n Ki·∫øm,private_room,6,0,445414,2.0,2.0,1.0,1.0,2.0,1.0,2.0,1.0,1.0,2.0,2.0,1.0,2.0,2.0,0.0,1.0,5.0,2.0,2.0,2.0,2.0,1.0,2.0,2.0,1.0,1.0,2.0,2.0,2.0,2.0,2.0,2.0,1.0,2.0,2.0,2.0,2.0,2.0
919477742169382936,0.0,hanoi,15,21.0228892,105.800812,REGULAR,The mini apartment includes breakfast,entire_home,0,0,302160,2.0,1.0,1.0,2.0,2.0,1.0,2.0,1.0,2.0,0.0,0.0,2.0,1.0,2.0,0.0,0.0,0.0,2.0,2.0,2.0,2.0,2.0,2.0,2.0,2.0,2.0,2.0,2.0,2.0,2.0,2.0,2.0,2.0,2.0,2.0,2.0,1.0,1.0
24875880,5.0,hanoi,13,21.02864,105.80887,REGULAR,CƒÉn h·ªô studio ƒë∆∞·ª£c trang b·ªã ban c√¥ng g·∫ßn th√°p Lotte,private_room,3,0,445059,2.0,1.0,1.0,1.0,2.0,1.0,2.0,2.0,2.0,0.0,0.0,1.0,2.0,2.0,0.0,0.0,0.0,1.0,2.0,2.0,2.0,2.0,1.0,1.0,2.0,2.0,2.0,2.0,2.0,2.0,2.0,2.0,2.0,2.0,2.0,2.0,2.0,2.0
718412856366199744,0.0,hanoi,23,21.06201,105.82686,REGULAR,Euphoria/1bed Apartment with balcony/Garden view,entire_home,0,0,560807,2.0,1.0,1.0,1.0,2.0,2.0,2.0,2.0,2.0,0.0,2.0,1.0,2.0,1.0,0.0,0.0,0.0,1.0,2.0,2.0,2.0,2.0,1.0,2.0,2.0,1.0,2.0,2.0,2.0,2.0,1.0,2.0,2.0,2.0,2.0,2.0,2.0,2.0
607831697449095689,0.0,hanoi,8,21.0222,105.84848,REGULAR,DC1* Centrer * Netflix mi·ªÖn ph√≠ * Wi-Fi mi·ªÖn ph√≠ * c·ª≠a s·ªï l·ªõn,entire_home,0,0,441635,2.0,2.0,2.0,2.0,2.0,2.0,2.0,2.0,2.0,2.0,2.0,2.0,2.0,2.0,0.0,0.0,0.0,2.0,2.0,2.0,2.0,2.0,2.0,2.0,2.0,2.0,2.0,2.0,2.0,2.0,2.0,2.0,2.0,2.0,2.0,2.0,2.0,2.0
770554277221934764,0.0,hanoi,28,21.0899591,105.7915941,REGULAR,Ng√¥i nh√† ·∫•m √°p v√† th√¢n thi·ªán - g·∫ßn H·ªì T√¢y,private_room,0,0,308118,2.0,1.0,1.0,1.0,2.0,1.0,2.0,2.0,2.0,0.0,0.0,1.0,2.0,2.0,0.0,1.0,0.0,2.0,2.0,2.0,2.0,1.0,2.0,1.0,1.0,2.0,2.0,2.0,2.0,2.0,2.0,2.0,2.0,2.0,2.0,2.0,2.0,2.0
25213197,4.93,hanoi,7,21.01662,105.81607,REGULAR,Ph√≤ng ng·ªß tho√°ng m√°t v·ªõi ban c√¥ng l·ªõn,private_room,41,0,350714,2.0,2.0,1.0,2.0,1.0,1.0,1.0,2.0,2.0,0.0,0.0,2.0,2.0,2.0,1.0,1.0,6.0,1.0,2.0,2.0,2.0,1.0,2.0,1.0,2.0,2.0,2.0,2.0,2.0,2.0,2.0,2.0,1.0,2.0,2.0,2.0,2.0,2.0
897048984356433717,0.0,hanoi,6,21.02193,105.83205,REGULAR,Yue Ë∂ä Homestay #3 @yueviet,private_room,0,0,450724,2.0,2.0,1.0,1.0,2.0,1.0,2.0,1.0,2.0,0.0,2.0,1.0,2.0,1.0,0.0,0.0,0.0,1.0,2.0,2.0,2.0,2.0,1.0,2.0,2.0,2.0,2.0,2.0,2.0,2.0,2.0,1.0,2.0,2.0,2.0,2.0,2.0,2.0
19939687,4.83,hanoi,23,21.03669,105.82234,REGULAR,Quyet Homestay #2 (Halong Bay room & balcony),private_room,128,0,404659,2.0,1.0,1.0,1.0,2.0,2.0,2.0,2.0,2.0,0.0,0.0,1.0,1.0,2.0,1.0,1.0,6.0,1.0,2.0,2.0,2.0,1.0,1.0,2.0,2.0,2.0,2.0,2.0,2.0,2.0,2.0,2.0,2.0,2.0,2.0,2.0,2.0,2.0
839421619343463089,2.33,hanoi,7,21.03224,105.85397,REGULAR,Trung t√¢m Beauroom Khu ph·ªë c·ªï,private_room,3,0,276303,2.0,1.0,1.0,1.0,2.0,1.0,1.0,2.0,2.0,2.0,2.0,1.0,2.0,2.0,0.0,0.0,0.0,1.0,2.0,2.0,2.0,2.0,1.0,1.0,1.0,2.0,2.0,2.0,2.0,2.0,2.0,2.0,2.0,2.0,2.0,2.0,2.0,2.0
777915517909403316,4.94,hanoi,17,21.0502,105.83947,REGULAR,CƒÉn h·ªô ƒë√°ng y√™u v·ªõi b·ªìn t·∫Øm n∆∞·ªõc n√≥ng,private_room,18,0,359652,2.0,1.0,1.0,1.0,2.0,2.0,2.0,2.0,2.0,0.0,0.0,1.0,2.0,2.0,1.0,1.0,0.75,1.0,1.0,2.0,2.0,1.0,1.0,2.0,2.0,2.0,2.0,2.0,2.0,2.0,2.0,2.0,2.0,2.0,2.0,2.0,2.0,2.0
847513943285043637,4.5,hanoi,16,21.06958,105.82408,REGULAR,Studio 01 gi∆∞·ªùng t·∫°i Th√†nh ph·ªë T√¢y H·ªì,entire_home,6,0,436000,2.0,1.0,1.0,1.0,1.0,2.0,2.0,2.0,2.0,0.0,0.0,2.0,2.0,2.0,0.0,0.0,0.0,1.0,2.0,2.0,2.0,2.0,2.0,1.0,2.0,1.0,1.0,2.0,2.0,2.0,2.0,2.0,2.0,2.0,2.0,2.0,2.0,2.0
38507046,4.73,hanoi,15,21.04268,105.84279,REGULAR,"SunFlower homestay , L√†n ƒë∆∞·ªùng y√™n tƒ©nh,G·∫ßn khu ph·ªë c·ªï(3)",private_room,104,0,404667,4.0,1.0,1.0,2.0,1.0,1.0,2.0,1.0,2.0,0.0,0.0,2.0,2.0,2.0,1.0,1.0,5.0,1.0,2.0,2.0,2.0,1.0,2.0,1.0,2.0,2.0,2.0,2.0,2.0,2.0,2.0,2.0,2.0,2.0,2.0,2.0,2.0,2.0
31896934,4.94,hanoi,30,21.02541,105.82755,REGULAR,Ban c√¥ng ƒë√°ng y√™u - Ph√≤ng ri√™ng t·∫°i Trung t√¢m th√†nh ph·ªë H√† N·ªôi.,private_room,16,0,433647,2.0,1.0,1.0,2.0,2.0,2.0,2.0,2.0,2.0,0.0,0.0,1.0,2.0,2.0,0.0,1.0,5.0,1.0,2.0,2.0,2.0,1.0,2.0,2.0,2.0,1.0,1.0,2.0,2.0,2.0,1.0,2.0,2.0,2.0,2.0,2.0,2.0,2.0
878971967452050482,5.0,hanoi,5,21.01974,105.77801,REGULAR,Eterbe house - CƒÉn h·ªô cao c·∫•p ƒê√¨nh Th√¥n,private_room,5,0,472447,2.0,1.0,1.0,1.0,2.0,2.0,2.0,2.0,2.0,0.0,2.0,1.0,2.0,1.0,0.0,1.0,0.16666666666666666,1.0,2.0,2.0,2.0,1.0,2.0,2.0,1.0,2.0,2.0,2.0,2.0,2.0,1.0,2.0,2.0,2.0,2.0,2.0,2.0,2.0
753502350104915466,4.72,hanoi,16,21.0380821,105.8454286,REGULAR,"Ph√≤ng tho·∫£i m√°i, y√™n tƒ©nh, √°nh s√°ng t·ª± nhi√™n, Ho√†n Ki·∫øm",private_room,25,0,407969,2.0,1.0,1.0,1.0,2.0,1.0,2.0,2.0,2.0,0.0,0.0,1.0,2.0,1.0,0.0,1.0,5.0,2.0,2.0,2.0,2.0,1.0,2.0,1.0,2.0,2.0,2.0,2.0,2.0,2.0,2.0,2.0,2.0,2.0,2.0,2.0,2.0,2.0
849930497097506246,0.0,hanoi,10,21.030457707551935,105.77372403938774,REGULAR,"CƒÉn h·ªô g·∫ßn kengnam, M·ªπ ƒê√¨nh 2, Nam T·ª´ Li√™m, H√† N·ªôi",private_room,0,0,341142,2.0,1.0,1.0,2.0,2.0,1.0,2.0,2.0,2.0,0.0,0.0,1.0,2.0,2.0,1.0,1.0,0.0,1.0,2.0,2.0,2.0,1.0,2.0,1.0,2.0,2.0,2.0,2.0,2.0,2.0,2.0,1.0,2.0,2.0,2.0,2.0,2.0,2.0
893089055253770237,0.0,hanoi,10,21.029622935330696,105.8336904951065,REGULAR,Libr√© Homestay - City View,private_room,0,0,407200,2.0,1.0,1.0,1.0,1.0,1.0,2.0,2.0,2.0,0.0,2.0,2.0,1.0,1.0,0.0,0.0,0.0,2.0,2.0,2.0,2.0,2.0,2.0,1.0,2.0,2.0,2.0,2.0,2.0,2.0,2.0,1.0,2.0,2.0,2.0,2.0,2.0,2.0
39802411,5.0,hanoi,23,21.0314804,105.7753611,REGULAR,"CƒÉn h·ªô g·∫ßn kengnam, M·ªπ ƒê√¨nh,Nam T·ª´ Li√™m, H√† N·ªôi",private_room,16,0,410824,2.0,2.0,2.0,2.0,2.0,2.0,2.0,2.0,2.0,2.0,2.0,2.0,2.0,2.0,1.0,1.0,4.0,2.0,2.0,2.0,2.0,2.0,2.0,2.0,2.0,2.0,2.0,2.0,2.0,2.0,2.0,2.0,2.0,2.0,2.0,2.0,2.0,2.0
882159542968460627,0.0,hanoi,7,21.03403,105.81862,REGULAR,"H&A Homestay / Large Bedroom, Quiet Place, Full",private_room,0,0,429311,2.0,1.0,1.0,2.0,2.0,1.0,2.0,1.0,2.0,0.0,0.0,1.0,2.0,2.0,0.0,0.0,0.0,1.0,2.0,2.0,2.0,2.0,2.0,1.0,2.0,2.0,2.0,2.0,2.0,1.0,2.0,2.0,2.0,2.0,2.0,2.0,2.0,2.0
40364755,4.7,hanoi,30,21.03077,105.85264,REGULAR,#41 Minimalist Studio nearby Water Puppet Theatre,private_room,10,0,476334,2.0,2.0,2.0,2.0,2.0,2.0,2.0,2.0,2.0,2.0,2.0,2.0,2.0,2.0,0.0,1.0,5.0,2.0,2.0,2.0,2.0,2.0,2.0,2.0,2.0,2.0,2.0,2.0,2.0,2.0,2.0,2.0,2.0,2.0,2.0,2.0,2.0,2.0
784629949816957626,4.38,hanoi,30,21.06639250622978,105.8254819232788,REGULAR,Ng√¥i nh√† ·∫•m c√∫ng!  Studio ƒë·∫πp! M√°y gi·∫∑t v√† m√°y s·∫•y!,entire_home,8,0,420356,2.0,2.0,1.0,1.0,2.0,1.0,2.0,1.0,2.0,0.0,0.0,1.0,2.0,2.0,0.0,0.0,0.0,1.0,2.0,2.0,2.0,2.0,2.0,1.0,2.0,2.0,2.0,2.0,2.0,2.0,2.0,2.0,2.0,2.0,2.0,2.0,2.0,2.0
884293228442224703,0.0,hanoi,6,21.03229,105.80844,REGULAR,"Best price 1b fully fernished Phan Ke Binh,Ba Dinh",private_room,2,0,639059,2.0,2.0,2.0,2.0,2.0,2.0,2.0,2.0,2.0,2.0,2.0,2.0,2.0,2.0,1.0,1.0,0.3333333333333333,2.0,2.0,2.0,2.0,2.0,2.0,2.0,2.0,2.0,2.0,2.0,2.0,2.0,2.0,2.0,2.0,2.0,2.0,2.0,2.0,2.0
716319700231241810,4.5,hanoi,30,21.03497,105.85067,REGULAR,Studio t·∫°i ph·ªë T·∫° Hi·ªán - Ho√†n Ki·∫øm 01,private_room,4,0,407883,2.0,2.0,1.0,2.0,2.0,1.0,2.0,1.0,2.0,0.0,0.0,1.0,2.0,1.0,0.0,1.0,5.0,2.0,2.0,2.0,2.0,1.0,2.0,2.0,1.0,2.0,2.0,2.0,2.0,2.0,2.0,1.0,2.0,2.0,2.0,2.0,2.0,2.0
22541913,4.8,hanoi,16,21.00812,105.82148,REGULAR,Ph√≤ng ng·ªß c√≥ s√¢n v∆∞·ªùn ngay trung t√¢m H√† N·ªôi,private_room,91,0,350690,2.0,1.0,1.0,1.0,1.0,1.0,2.0,2.0,2.0,0.0,0.0,2.0,2.0,2.0,1.0,1.0,6.0,1.0,2.0,2.0,2.0,1.0,2.0,1.0,2.0,2.0,2.0,2.0,2.0,2.0,2.0,2.0,2.0,2.0,2.0,2.0,2.0,2.0
41093228,4.77,hanoi,21,21.02654,105.84541,REGULAR,BUZZ Home 1 ‚ù§Ô∏è Ph√≤ng t·∫Øm ri√™ng ‚òÖB√¨nh y√™n ‚òÖMi·ªÅn Trung,private_room,13,0,479294,2.0,1.0,1.0,2.0,2.0,1.0,1.0,1.0,2.0,0.0,0.0,2.0,2.0,2.0,0.0,1.0,4.0,1.0,2.0,2.0,2.0,1.0,2.0,1.0,2.0,2.0,2.0,2.0,2.0,2.0,2.0,2.0,2.0,2.0,2.0,2.0,2.0,2.0
605462193272724221,0.0,hanoi,30,21.03879,105.82743,REGULAR,Furnished studio near Ba Dinh Square & West lake,entire_home,0,0,496380,2.0,1.0,1.0,2.0,2.0,2.0,2.0,2.0,2.0,0.0,2.0,1.0,2.0,1.0,0.0,0.0,0.0,1.0,2.0,2.0,2.0,2.0,1.0,2.0,1.0,1.0,2.0,2.0,2.0,2.0,1.0,2.0,2.0,2.0,2.0,2.0,2.0,2.0
869297679646710739,0.0,hanoi,6,21.01852,105.7772,REGULAR,"CƒÉn h·ªô sudio cho thu√™, tho√°ng",entire_home,0,0,313500,1.0,1.0,1.0,1.0,2.0,1.0,2.0,2.0,2.0,0.0,0.0,1.0,2.0,1.0,0.0,0.0,0.0,1.0,2.0,2.0,2.0,2.0,2.0,1.0,2.0,2.0,2.0,2.0,2.0,2.0,2.0,2.0,2.0,2.0,2.0,2.0,2.0,2.0
821678601683410888,0.0,hanoi,10,21.03208,105.79499,REGULAR,CƒÉn H·ªô Ti·ªán Nghi G·∫ßn CV C·∫ßu Gi·∫•y,private_room,1,0,348173,1.0,1.0,1.0,1.0,2.0,1.0,2.0,2.0,2.0,0.0,0.0,1.0,2.0,1.0,0.0,1.0,3.0,2.0,2.0,2.0,2.0,1.0,2.0,1.0,2.0,2.0,2.0,2.0,2.0,2.0,2.0,2.0,2.0,2.0,2.0,2.0,2.0,2.0
19939757,4.82,hanoi,20,21.03591,105.82197,REGULAR,"S·ªëng c√πng gia ƒë√¨nh b·∫£n x·ª© s·ªë 1 (ph√≤ng Hoian, stylist deco)",private_room,91,0,377663,2.0,1.0,1.0,1.0,1.0,2.0,2.0,2.0,2.0,0.0,0.0,1.0,1.0,2.0,1.0,1.0,6.0,1.0,2.0,2.0,2.0,1.0,2.0,2.0,2.0,2.0,2.0,2.0,2.0,2.0,2.0,2.0,2.0,2.0,2.0,2.0,2.0,2.0
770920383474373496,0.0,hanoi,16,21.08987689760302,105.78931890428066,REGULAR,CƒÉn h·ªô 1 ph√≤ng ng·ªß ƒë∆∞·ª£c trang b·ªã ƒë·∫ßy ƒë·ªß ·ªü T√¢y H·ªì,entire_home,0,0,342427,4.0,1.0,1.0,1.0,2.0,1.0,2.0,1.0,2.0,0.0,0.0,1.0,2.0,2.0,0.0,0.0,0.0,2.0,2.0,2.0,2.0,2.0,2.0,1.0,2.0,2.0,2.0,2.0,2.0,2.0,2.0,1.0,2.0,2.0,2.0,2.0,2.0,2.0
650359487236030333,5.0,hanoi,30,21.02908,105.84808,REGULAR,VITAMIN HOME ‚òÖ Pinky & ph√≤ng th∆∞ gi√£n t·∫°i Ho√†n Ki·∫øm,private_room,5,0,490706,2.0,1.0,1.0,1.0,2.0,2.0,2.0,2.0,2.0,0.0,0.0,1.0,2.0,2.0,0.0,1.0,6.0,1.0,2.0,2.0,2.0,1.0,2.0,1.0,1.0,2.0,2.0,2.0,2.0,2.0,2.0,2.0,2.0,2.0,2.0,2.0,2.0,2.0
827243760166477549,0.0,hanoi,5,21.02496,105.85418,REGULAR,*New listing Sale!* Balcony Studio in Hoan Kiem,private_room,0,0,410824,2.0,2.0,1.0,1.0,1.0,1.0,1.0,2.0,2.0,0.0,2.0,1.0,2.0,1.0,0.0,0.0,0.0,2.0,2.0,2.0,2.0,2.0,2.0,1.0,2.0,2.0,2.0,2.0,2.0,2.0,1.0,2.0,2.0,2.0,2.0,2.0,2.0,2.0
934541059192419623,0.0,hanoi,5,21.0347181791742,105.80771849631313,REGULAR,Chloe Apartment,private_room,0,0,268465,2.0,1.0,1.0,2.0,1.0,1.0,2.0,2.0,2.0,2.0,2.0,2.0,2.0,1.0,0.0,1.0,0.0,1.0,2.0,2.0,2.0,1.0,2.0,1.0,1.0,2.0,2.0,2.0,2.0,2.0,2.0,1.0,2.0,2.0,2.0,2.0,2.0,2.0
