room_id,rating,city,contextualPicturesCount,lat,long,listingObjType,name,roomTypeCategory,canInstantBook,price,maxGuestCapacity,SYSTEM_COOKING_BASICS,SYSTEM_WI_FI,SYSTEM_MAPS_CAR_RENTAL,SYSTEM_JACUZZI,SYSTEM_TV,SYSTEM_ELEVATOR,SYSTEM_WASHER,SYSTEM_SNOWFLAKE,SYSTEM_SURVEILLANCE,SYSTEM_NO_DETECTOR_CO2,SYSTEM_VIEW_OCEAN,SYSTEM_BEACH,SYSTEM_WORKSPACE,SYSTEM_EV_CHARGER,SYSTEM_POOL,SYSTEM_FLOWER,SYSTEM_SMOKING_ALLOWED,SYSTEM_DRYER,SYSTEM_NO_DETECTOR_SMOKE,reviewCount,SYSTEM_PATIO_BALCONY,SYSTEM_BREAKFAST,isSuperHost,isVerified,SYSTEM_NO_LOCK_ON_DOOR,SYSTEM_MAPS_RESORT,SYSTEM_PETS,SYSTEM_SAUNA,SYSTEM_VIEW_MOUNTAIN,SYSTEM_VIEW_CITY,yearHosting,SYSTEM_LOCK_ON_DOOR,SYSTEM_LUGGAGE_DROP,SYSTEM_HAIRDRYER,SYSTEM_CALENDAR
892919944051643241,0.0,quangninh,19,20.95512,107.01235,REGULAR,Homestay 3 ph√≤ng ng·ªß view v·ªãnh Citadines H·∫° Long,entire_home,0,2450107,10,1.0,1.0,1.0,1.0,1.0,1.0,1.0,1.0,1.0,0.0,2.0,2.0,2.0,2.0,2.0,2.0,2.0,2.0,2.0,0,2.0,2.0,0.0,0.0,2.0,2.0,2.0,2.0,2.0,2.0,0,2.0,2.0,2.0,2.0
42745647,0.0,quangninh,30,20.94899,107.07499,REGULAR,The  Sapphire H·∫° Long 2612,entire_home,0,2567648,6,1.0,1.0,2.0,1.0,1.0,1.0,2.0,2.0,2.0,0.0,1.0,1.0,1.0,1.0,2.0,2.0,2.0,2.0,2.0,0,2.0,2.0,0.0,0.0,2.0,2.0,2.0,2.0,2.0,2.0,0,2.0,2.0,2.0,2.0
851715003528975703,0.0,quangninh,29,20.9502676,107.0735789,REGULAR,CƒÉn h·ªô S1 2912,entire_home,0,2543194,6,1.0,1.0,2.0,1.0,1.0,2.0,1.0,1.0,1.0,2.0,2.0,1.0,1.0,2.0,1.0,2.0,2.0,2.0,2.0,0,2.0,2.0,0.0,0.0,2.0,2.0,2.0,2.0,2.0,2.0,0,2.0,2.0,2.0,2.0
922144939268570968,0.0,quangninh,11,20.960148097408386,107.07045122981071,REGULAR,ùêíùê¢ùê¶ùêíùê¢ùê¶‚Äôùê¨ ùêáùê®ùê¶ùêûùê¨ùê≠ùêöùê≤,entire_home,0,2589743,4,1.0,1.0,1.0,2.0,1.0,2.0,1.0,2.0,1.0,0.0,2.0,1.0,1.0,2.0,1.0,2.0,2.0,2.0,2.0,0,2.0,2.0,0.0,0.0,2.0,2.0,2.0,2.0,2.0,2.0,0,2.0,2.0,2.0,2.0
923493137930347690,0.0,quangninh,30,20.926709406613774,106.98266982399693,REGULAR,Halong Bay Booze Party Cruise - Private cabins,private_room,0,2481867,6,2.0,2.0,2.0,2.0,2.0,2.0,2.0,1.0,2.0,0.0,2.0,1.0,2.0,2.0,2.0,1.0,1.0,2.0,2.0,0,2.0,2.0,0.0,0.0,2.0,2.0,2.0,2.0,2.0,2.0,0,2.0,2.0,2.0,2.0
919290973285792818,0.0,quangninh,10,20.9565202,107.095426,REGULAR,A La Carte H·∫° Long homstay,entire_home,0,2427901,4,1.0,1.0,1.0,1.0,1.0,2.0,1.0,1.0,1.0,2.0,2.0,1.0,2.0,2.0,1.0,2.0,2.0,2.0,2.0,0,2.0,2.0,0.0,0.0,2.0,2.0,2.0,2.0,2.0,2.0,0,2.0,2.0,2.0,2.0
842438898439031068,0.0,quangninh,19,20.95262944317103,107.00220182963866,REGULAR,HB Serviced Apartment - Alacarte H·∫° Long.2BR.1215,entire_home,0,2409253,4,1.0,1.0,2.0,1.0,1.0,2.0,1.0,2.0,2.0,0.0,2.0,1.0,1.0,2.0,2.0,2.0,2.0,1.0,0.0,0,2.0,2.0,0.0,0.0,2.0,2.0,2.0,2.0,2.0,2.0,0,2.0,2.0,2.0,2.0
29805601,4.78,quangninh,13,20.8,106.99973,REGULAR,Cabin ·∫•m c√∫ng v·ªõi ban c√¥ng - V·ªãnh Lan H·∫° - ƒë·∫£o C√°t B√†,private_room,0,2567648,8,2.0,1.0,2.0,1.0,2.0,2.0,2.0,1.0,2.0,0.0,2.0,1.0,2.0,2.0,2.0,2.0,2.0,2.0,0.0,27,1.0,1.0,0.0,0.0,2.0,2.0,2.0,2.0,2.0,2.0,0,2.0,2.0,2.0,2.0
891739633490815646,0.0,quangninh,14,20.95879585253158,107.01445508748293,REGULAR,Homestay A La Carte H·∫° Long,entire_home,0,2427908,4,1.0,1.0,1.0,1.0,1.0,2.0,1.0,1.0,1.0,2.0,2.0,1.0,2.0,2.0,1.0,2.0,2.0,2.0,2.0,0,2.0,2.0,0.0,0.0,2.0,2.0,2.0,2.0,2.0,2.0,0,2.0,2.0,2.0,2.0
864051552840444694,0.0,quangninh,10,20.95232,107.00285,REGULAR,CƒÉn h·ªô 2 ph√≤ng ng·ªß m·∫∑t bi·ªÉn,private_room,0,2464941,8,1.0,1.0,1.0,1.0,1.0,2.0,1.0,2.0,2.0,0.0,2.0,1.0,2.0,2.0,2.0,2.0,2.0,1.0,2.0,0,2.0,2.0,0.0,1.0,0.0,2.0,2.0,2.0,2.0,2.0,0,2.0,2.0,2.0,2.0
653505138931902353,0.0,quangninh,15,20.957,107.01469,REGULAR,CƒÉn h·ªô c·ªßa Junchie Home t·∫°i chung c∆∞ 4 sao.,entire_home,0,2464942,10,1.0,1.0,2.0,2.0,1.0,2.0,1.0,1.0,2.0,0.0,1.0,2.0,1.0,2.0,1.0,2.0,2.0,2.0,2.0,0,2.0,2.0,0.0,0.0,2.0,1.0,2.0,2.0,2.0,2.0,0,2.0,2.0,2.0,2.0
572694112488616285,0.0,quangninh,21,20.73803,107.03118,REGULAR,"Cat Ba Mountain View -""Ph√≤ng gia ƒë√¨nh"" W5",entire_home,0,2509448,6,1.0,1.0,1.0,2.0,2.0,2.0,2.0,2.0,1.0,0.0,1.0,2.0,1.0,2.0,1.0,2.0,2.0,2.0,0.0,0,2.0,2.0,0.0,0.0,2.0,2.0,1.0,2.0,2.0,2.0,0,2.0,2.0,2.0,2.0
785454575483931678,0.0,quangninh,27,20.96473,107.05163,REGULAR,Beverly Hills H·∫° Long - Ng·∫Øm khu ph·ª©c h·ª£p ngh·ªâ d∆∞·ª°ng,private_room,0,2567648,2,1.0,1.0,1.0,2.0,1.0,2.0,2.0,2.0,2.0,0.0,2.0,1.0,1.0,2.0,1.0,2.0,2.0,2.0,0.0,0,2.0,2.0,0.0,0.0,2.0,2.0,2.0,1.0,2.0,2.0,0,2.0,2.0,2.0,2.0
586810359764564844,0.0,quangninh,11,20.97096,107.76534,REGULAR,"Ho√†ng Trung Hotel , Kh√°ch s·∫°n 3 sao C√¥ T√¥",private_room,0,2450000,2,1.0,1.0,1.0,2.0,1.0,1.0,2.0,2.0,2.0,0.0,2.0,1.0,1.0,2.0,2.0,2.0,2.0,2.0,0.0,0,2.0,2.0,0.0,0.0,2.0,2.0,1.0,2.0,2.0,2.0,0,2.0,2.0,2.0,2.0
784463637718714733,0.0,quangninh,30,20.965247358937777,107.05108754458557,REGULAR,Khu ngh·ªâ d∆∞·ª°ng Beverly Hills H·∫° Long #TT7-29 Ban c√¥ng,private_room,0,2567648,2,2.0,1.0,1.0,2.0,1.0,1.0,2.0,2.0,2.0,0.0,2.0,1.0,1.0,2.0,1.0,2.0,2.0,2.0,0.0,0,2.0,2.0,0.0,0.0,2.0,2.0,2.0,2.0,1.0,2.0,0,2.0,2.0,2.0,2.0
624181086197900496,0.0,quangninh,17,20.957628,107.01368,REGULAR,CƒÉn h·ªô 3PN c√≥ b·ªÉ b∆°i ph√≤ng ng·ªß view th√†nh ph·ªë,entire_home,0,2434511,6,1.0,1.0,1.0,2.0,1.0,2.0,1.0,1.0,2.0,0.0,2.0,1.0,2.0,2.0,1.0,2.0,2.0,2.0,2.0,0,2.0,2.0,0.0,0.0,2.0,2.0,2.0,2.0,2.0,1.0,0,2.0,2.0,2.0,2.0
815422213130871414,0.0,quangninh,5,20.8449115,106.6880841,REGULAR,ph√≤ng gia ƒë√¨nh ho·∫∑c nh√≥m ƒëo√†n,entire_home,0,2509448,6,1.0,1.0,1.0,2.0,2.0,2.0,2.0,2.0,1.0,0.0,2.0,1.0,1.0,2.0,1.0,2.0,2.0,2.0,0.0,0,2.0,2.0,0.0,0.0,2.0,2.0,1.0,2.0,2.0,2.0,0,2.0,2.0,2.0,2.0
559705814987057794,0.0,quangninh,5,20.95185,107.00269,REPRESENTATIVE,√îng vua ƒëi·ªÅu h√†nh Citadines Marina Halong,entire_home,0,2412094,2,2.0,1.0,2.0,2.0,1.0,2.0,2.0,1.0,2.0,0.0,2.0,2.0,1.0,2.0,2.0,2.0,2.0,2.0,2.0,0,2.0,2.0,0.0,0.0,2.0,2.0,2.0,2.0,2.0,2.0,0,2.0,2.0,2.0,2.0
793280684447956817,0.0,quangninh,30,20.9643115,107.0529861,REGULAR,Beverly Hills H·∫° Long Resort #TT2-10,private_room,0,2497039,2,2.0,1.0,1.0,2.0,1.0,2.0,2.0,1.0,2.0,0.0,2.0,2.0,2.0,2.0,1.0,2.0,2.0,2.0,0.0,0,2.0,2.0,0.0,0.0,2.0,2.0,2.0,2.0,2.0,2.0,0,2.0,2.0,2.0,2.0
28537087,4.8,quangninh,29,20.92745,106.99189,REGULAR,Chu·ªëi & Hoa h·ªìng - Ph√≤ng cho 8 ng∆∞·ªùi,private_room,0,2427908,8,1.0,1.0,1.0,2.0,2.0,2.0,2.0,1.0,2.0,0.0,2.0,1.0,2.0,2.0,1.0,2.0,2.0,2.0,0.0,5,2.0,2.0,0.0,1.0,2.0,2.0,1.0,2.0,2.0,2.0,7,1.0,2.0,2.0,2.0
21913637,0.0,quangninh,11,20.8741,107.49404,REGULAR,S·ªëng c√πng gia ƒë√¨nh b·∫£n x·ª© sinh th√°i Quan Lan,entire_home,0,2510589,14,2.0,1.0,2.0,2.0,1.0,2.0,2.0,1.0,2.0,0.0,2.0,2.0,2.0,2.0,2.0,2.0,1.0,2.0,0.0,0,2.0,2.0,0.0,0.0,2.0,2.0,2.0,2.0,2.0,2.0,0,2.0,2.0,2.0,2.0
30093167,0.0,quangninh,18,20.95167,107.02516,REGULAR,H∆∞·ªõng nh√¨n ra bi·ªÉn cƒÉn h·ªô 1204C,entire_home,0,2510589,4,1.0,1.0,1.0,1.0,1.0,1.0,1.0,1.0,2.0,2.0,2.0,2.0,2.0,2.0,1.0,2.0,2.0,1.0,2.0,0,2.0,2.0,0.0,0.0,2.0,2.0,2.0,2.0,2.0,2.0,0,2.0,2.0,2.0,2.0
732156465712157005,0.0,quangninh,7,21.53539,107.96421,REPRESENTATIVE,Deluxe Twin - Kh√°ch s·∫°n Sunshine Mong C√°i,private_room,0,2532000,2,2.0,1.0,1.0,2.0,1.0,1.0,2.0,1.0,2.0,0.0,1.0,2.0,2.0,2.0,2.0,2.0,2.0,2.0,2.0,0,2.0,2.0,0.0,0.0,2.0,2.0,2.0,2.0,2.0,2.0,0,2.0,1.0,1.0,1.0
559850384981573557,0.0,quangninh,5,20.9528,107.01212,REPRESENTATIVE,Studio Deluxe c·ªßa  Citadines Marina Halong,entire_home,0,2511062,2,1.0,1.0,2.0,2.0,1.0,2.0,2.0,1.0,2.0,0.0,2.0,2.0,1.0,2.0,2.0,2.0,2.0,2.0,2.0,0,2.0,2.0,0.0,0.0,2.0,2.0,2.0,2.0,2.0,2.0,0,2.0,2.0,2.0,2.0
588940982861468769,0.0,quangninh,6,20.97276,107.76555,REGULAR,ƒêi·ªÅu h√†nh hai t·∫ßng - KH√ÅCH S·∫†N HO√ÄNG TRUNG,private_room,0,2450000,4,1.0,1.0,1.0,2.0,1.0,2.0,1.0,1.0,2.0,0.0,2.0,2.0,1.0,2.0,2.0,2.0,2.0,2.0,0.0,0,2.0,2.0,0.0,0.0,2.0,2.0,1.0,2.0,2.0,2.0,0,2.0,2.0,2.0,2.0
38714520,0.0,quangninh,1,20.82014,106.70108,REGULAR,CƒÉn h·ªô 2 ph√≤ng ng·ªß - Zen Riverside H·∫£i Ph√≤ng,hotel_room,0,2500000,4,1.0,1.0,1.0,2.0,1.0,1.0,1.0,1.0,2.0,0.0,2.0,2.0,2.0,2.0,1.0,2.0,2.0,2.0,2.0,0,2.0,2.0,0.0,0.0,2.0,2.0,2.0,2.0,2.0,2.0,0,2.0,2.0,1.0,2.0
30913210,0.0,quangninh,30,20.95844,107.00634,REGULAR,C·∫£nh quan v·ªãnh ƒë·∫∑c bi·ªát - C·∫£ng ƒë√≥ng - CƒÉn h·ªô 2BR,entire_home,0,2519060,4,1.0,1.0,1.0,1.0,1.0,2.0,2.0,2.0,1.0,0.0,2.0,1.0,2.0,2.0,1.0,2.0,2.0,2.0,0.0,0,2.0,2.0,0.0,0.0,2.0,2.0,2.0,2.0,2.0,2.0,0,2.0,2.0,2.0,2.0
27419784,0.0,quangninh,18,20.95166,107.02364,REGULAR,ƒê·∫°i d∆∞∆°ng trong t·∫ßm m·∫Øt - S·ªëng c√πng gia ƒë√¨nh b·∫£n x·ª© H·∫° Long,entire_home,0,2510589,5,1.0,1.0,1.0,1.0,1.0,1.0,1.0,2.0,2.0,2.0,2.0,2.0,2.0,2.0,1.0,2.0,2.0,1.0,2.0,0,2.0,2.0,0.0,0.0,2.0,2.0,1.0,2.0,2.0,2.0,0,2.0,2.0,2.0,2.0
30093285,0.0,quangninh,18,20.95347,107.02481,REGULAR,Homestay Ha Long Newlife Tower 3 ph√≤ng ng·ªß,entire_home,0,2516236,4,1.0,1.0,1.0,1.0,1.0,1.0,1.0,2.0,2.0,2.0,2.0,2.0,2.0,2.0,1.0,2.0,2.0,1.0,2.0,0,2.0,2.0,0.0,0.0,2.0,2.0,1.0,2.0,2.0,2.0,0,2.0,2.0,2.0,2.0
