isVerified	SYSTEM_CRIB	price	SYSTEM_SMOKING_ALLOWED	weeklyPriceFactor	name	SYSTEM_SURVEILLANCE	city	SYSTEM_NO_DETECTOR_SMOKE	SYSTEM_BATHTUB	SYSTEM_POOL	SYSTEM_NO_DETECTOR_CO2	roomTypeCategory	SYSTEM_SNOWFLAKE	isSuperHost	SYSTEM_SKI	SYSTEM_CALENDAR	avgRatingLocalized	SYSTEM_COOKING_BASICS	contextualPicturesCount	maxGuestCapacity	SYSTEM_EV_CHARGER	SYSTEM_BEACH	SYSTEM_VIEW_CITY	room_id	SYSTEM_LUGGAGE_DROP	SYSTEM_PETS	SYSTEM_FLOWER	pdpUrlType	SYSTEM_NO_LOCK_ON_DOOR	SYSTEM_PIANO	SYSTEM_VIEW_OCEAN	coordinate	reviewCount	structuredStayDisplayPrice	SYSTEM_WI_FI	SYSTEM_REFRIGERATOR	SYSTEM_JACUZZI	canInstantBook	SYSTEM_HIGH_CHAIR	SYSTEM_VIEW_MOUNTAIN	SYSTEM_BREAKFAST	SYSTEM_HAIRDRYER	SYSTEM_ELEVATOR	SYSTEM_FIREPLACE	SYSTEM_MAPS_CAR_RENTAL	SYSTEM_SAUNA	SYSTEM_MICROWAVE	SYSTEM_TV	SYSTEM_LOCK_ON_DOOR	SYSTEM_PATIO_BALCONY	SYSTEM_DRYER	listingObjType	SYSTEM_WASHER	url	yearHosting	SYSTEM_WORKSPACE
		None		None	Khu phá»‘ cá»• / PINKY HOME/ {Orchid garden Hanoi}		HÃ  ná»™i	False			False	entire_home	True				4,41 (44)	True	30	2				39703917	True			None				{'__typename': 'Coordinate', 'latitude': 21.03202, 'longitude': 105.84704}		/ Ä‘Ãªm	True			False							True			True				REGULAR	True	https://www.airbnb.com.vn/rooms/39703917		True
False		â‚«309.783		None	Vequehomestay-Villa15- Phá»‘ cá»• -Báº¿p-YÃªn tÄ©nh		HoÃ n Kiáº¿m	False			False	private_room	True	False			4,71 (21)	True	15	2				719979493315673429				None	False		True	{'__typename': 'Coordinate', 'latitude': 21.02037, 'longitude': 105.84621}	21	/ Ä‘Ãªm	True			False							True						True	REGULAR	True	https://www.airbnb.com.vn/rooms/719979493315673429	7	
True		â‚«374.770		None	NgÃ´i nhÃ  cá»§a má»™t kiáº¿n trÃºc sÆ° (Xanh dÆ°Æ¡ng)		HÃ  Ná»™i	False			False	private_room	True	True			4,84 (116)	True	28	2				21807270	True			None				{'__typename': 'Coordinate', 'latitude': 21.0235, 'longitude': 105.82509}	116	/ Ä‘Ãªm	True			False										True	True			REGULAR	True	https://www.airbnb.com.vn/rooms/21807270	5	True
True		None		None	CÄƒn há»™ phong cÃ¡ch vá»›i khÃ´ng gian xanh gáº§n há»“ TÃ¢y		TÃ¢y Há»“	False			False	private_room		True			4,64 (14)	True	19	2				746322085943335360				None			True	{'__typename': 'Coordinate', 'latitude': 21.05207, 'longitude': 105.83968}	14	/ Ä‘Ãªm	True			False										True	True			REGULAR	True	https://www.airbnb.com.vn/rooms/746322085943335360	6	True
True		â‚«428.294		None	Yue è¶Š HOMESTAY #1 @yueviet	True	Äá»‘ng Äa				False	private_room	True	True			4,99 (73)		13	2				661518993434369023	True			None			True	{'__typename': 'Coordinate', 'latitude': 21.0222663, 'longitude': 105.831827}	73	/ Ä‘Ãªm	True			False							True			True	True			REGULAR		https://www.airbnb.com.vn/rooms/661518993434369023	2	True
True		â‚«321.237		None	NgÃ´i nhÃ  áº¥m cÃºng trong cá»­a sá»• rá»™ng á»Ÿ giá»¯a - GÃ³c nhÃ¬n thoÃ¡ng mÃ¡t. R #302		Thanh NhÃ n	False			False	private_room	True	True			4,76 (42)	True	14	2				36722199				None				{'__typename': 'Coordinate', 'latitude': 21.00339, 'longitude': 105.86218}	42	/ Ä‘Ãªm	True			False				True							True	True		REGULAR	True	https://www.airbnb.com.vn/rooms/36722199	4	True
True		â‚«321.237		None	Sá»‘ng cÃ¹ng gia Ä‘Ã¬nh báº£n xá»© Kim HÃ  Ná»™i 4		YÃªn Phá»¥	False			False	private_room		True			4,6 (63)	True	16	2				18487010				None				{'__typename': 'Coordinate', 'latitude': 21.05487, 'longitude': 105.83704}	63	/ Ä‘Ãªm	True			False							True			True	True		True	REGULAR	True	https://www.airbnb.com.vn/rooms/18487010	6	True
		None		None	Studio Ä‘Ã¡ng yÃªu gáº§n Lotte Center!		Ba ÄÃ¬nh	False	True		False	entire_home	True				Má»›i	True	6	2				854756450592124929				None				{'__typename': 'Coordinate', 'latitude': 21.03227, 'longitude': 105.81061}		/ Ä‘Ãªm	True			False							True			True			True	REGULAR	True	https://www.airbnb.com.vn/rooms/854756450592124929		
True		None		None	MÃ¹a hoa lÃ£ng máº¡n á»Ÿ HÃ  Ná»™i, gáº§n gÅ©i vÃ  áº¥m Ã¡p		Truc Bach	False			False	private_room		False			4,56 (66)	True	30	2				37387228				None			True	{'__typename': 'Coordinate', 'latitude': 21.04902, 'longitude': 105.83982}	66	/ Ä‘Ãªm	True			False							True				True		True	REGULAR	True	https://www.airbnb.com.vn/rooms/37387228	5	True
True		â‚«399.412		None	CÄƒn há»™ áº¥m cÃºng, thÃ¢n thiá»‡n á»Ÿ trung tÃ¢m thÃ nh phá»‘		Ba ÄÃ¬nh	False			False	private_room	True	True			5,0 (44)	True	23	2				52978253				None				{'__typename': 'Coordinate', 'latitude': 21.03442, 'longitude': 105.80733}	44	/ Ä‘Ãªm	True			False					True					True	True			REGULAR	True	https://www.airbnb.com.vn/rooms/52978253	2	True
		â‚«456.471		None	Studio		HoÃ n Kiáº¿m	False			False	entire_home	True				Má»›i		10	3				877861305243818865				None				{'__typename': 'Coordinate', 'latitude': 21.03701, 'longitude': 105.85299}		/ Ä‘Ãªm	True			False										True				REGULAR		https://www.airbnb.com.vn/rooms/877861305243818865		
True		â‚«481.880		None	Quyet Homestay #2 (Halong Bay room & balcony)			False			False	private_room		True			4,86 (126)	True	23	2				19939687				None			True	{'__typename': 'Coordinate', 'latitude': 21.0351, 'longitude': 105.8221}	126	/ Ä‘Ãªm	True			False					True		True			True	True			REGULAR		https://www.airbnb.com.vn/rooms/19939687	6	True
True		â‚«346.301		None	Moonni Homestay - KhÃ´ng gian sá»‘ng tá»‘i thiá»ƒu @ HoÃ n Kiáº¿m	True	HoÃ n Kiáº¿m	False			False	private_room	True	False			4,5 (22)	True	19	2				597842582217773112		True	True	None				{'__typename': 'Coordinate', 'latitude': 21.02983, 'longitude': 105.84528}	22	/ Ä‘Ãªm	True			False							True				True			REGULAR		https://www.airbnb.com.vn/rooms/597842582217773112	1	
		â‚«444.146		None	CÄƒn há»™ cao cáº¥p trung tÃ¢m quáº­n Ba ÄÃ¬nh	True	Ba ÄÃ¬nh	False			False	private_room	True				4,87 (53)	True	6	2				709835938086573677				None				{'__typename': 'Coordinate', 'latitude': 21.04366, 'longitude': 105.84068}		/ Ä‘Ãªm	True	True		False				True	True					True				REGULAR		https://www.airbnb.com.vn/rooms/709835938086573677		
		â‚«374.770		None	Studio Ä‘áº¹p gáº§n Westlake vÃ  nhiá»u Ä‘Æ°á»ng phá»‘ chÃ­nh		Ba ÄÃ¬nh	False			False	entire_home					4,9 (79)	True	18	2			True	34748111				None			True	{'__typename': 'Coordinate', 'latitude': 21.04581, 'longitude': 105.8106}		/ Ä‘Ãªm	True			False										True			True	REGULAR	True	https://www.airbnb.com.vn/rooms/34748111		True
True		â‚«307.091		None	PhÃ²ng riÃªng táº¡i Kim MÃ£, Ba ÄÃ¬nh		Ngá»c KhÃ¡nh				False	private_room	True	False			4,83 (6)	True	3	2				23065835	True			None				{'__typename': 'Coordinate', 'latitude': 21.03226, 'longitude': 105.82135}	6	/ Ä‘Ãªm	True			False					True		True			True	True			REGULAR	True	https://www.airbnb.com.vn/rooms/23065835	5	
True		â‚«348.026		None	PhÃ²ng ngá»§ cÃ³ sÃ¢n vÆ°á»n ngay trung tÃ¢m HÃ  Ná»™i		Hanoi	False			False	private_room	True	True			4,82 (87)	True	16	2				22541913				None				{'__typename': 'Coordinate', 'latitude': 21.00851, 'longitude': 105.82306}	87	/ Ä‘Ãªm	True			False							True			True	True		True	REGULAR	True	https://www.airbnb.com.vn/rooms/22541913	6	
True		None		None	CÄƒn 1 phÃ²ng ngá»§ Ä‘Ã¡ng yÃªu gáº§n trung tÃ¢m HÃ  Ná»™i		HÃ ng BÃ i	False			False	private_room		True			4,93 (14)	True	6	2				648381977328428715				None				{'__typename': 'Coordinate', 'latitude': 21.02409, 'longitude': 105.85133}	14	/ Ä‘Ãªm	True			False					True		True			True	True			REGULAR	True	https://www.airbnb.com.vn/rooms/648381977328428715	11	True
True		â‚«349.610		None	CÄƒn há»™ Ä‘Ã¡ng yÃªu vá»›i bá»“n táº¯m nÆ°á»›c nÃ³ng		TÃ¢y Há»“	False			False	private_room		True			4,92 (12)	True	17	2				777915517909403316				None			True	{'__typename': 'Coordinate', 'latitude': 21.05183, 'longitude': 105.83817}	12	/ Ä‘Ãªm	True		True	False							True			True	True			REGULAR		https://www.airbnb.com.vn/rooms/777915517909403316	6	True
		None		None	CÄƒn há»™ kiá»ƒuâœ¯ PhÃ¡p Lagom Homestay PhÃ²ngâœ¯ yÃªn tÄ©nh		Hai BÃ  TrÆ°ng	False			False	entire_home	True				4,74 (111)	True	7	3				45868684				None				{'__typename': 'Coordinate', 'latitude': 21.01864, 'longitude': 105.84119}		/ Ä‘Ãªm	True	True		False				True			True					True	True	REGULAR		https://www.airbnb.com.vn/rooms/45868684		
		â‚«461.096		None	CÄƒn há»™ ban cÃ´ng phong cÃ¡ch Há»“ TrÃºc Báº¡ch 1 phÃºt	True	Ba ÄÃ¬nh	False			False	entire_home	True				4,39 (33)	True	10	2				555656581000472665				None				{'__typename': 'Coordinate', 'latitude': 21.04676, 'longitude': 105.84136}		/ Ä‘Ãªm	True			False					True					True		True		REGULAR		https://www.airbnb.com.vn/rooms/555656581000472665		True
True		â‚«244.747		None	Cáº¢I Táº O Má»šI - PhÃ²ng yÃªn tÄ©nh gáº§n Äáº¡i há»c HÃ  Ná»™i	True	Thanh XuÃ¢n Nam	False			False	private_room	True	False			4,78 (9)	True	14	1				36889249				None				{'__typename': 'Coordinate', 'latitude': 20.98529, 'longitude': 105.79718}	9	/ Ä‘Ãªm	True			False							True				True			REGULAR	True	https://www.airbnb.com.vn/rooms/36889249	4	True
True		None		None	PhÃ²ng rá»™ng rÃ£i, nÆ¡i thÆ° giÃ£n thá»±c sá»± táº¡i HoÃ n Kiáº¿m	True	HoÃ n Kiáº¿m	False			False	private_room	True	False			4,41 (22)	True	18	2				755532648369451894				None				{'__typename': 'Coordinate', 'latitude': 21.038, 'longitude': 105.84541}	22	/ Ä‘Ãªm	True			False										True	True			REGULAR	True	https://www.airbnb.com.vn/rooms/755532648369451894	5	True
True		None		None	CÄƒn há»™ tiá»‡n nghi 259 YÃªn HoÃ  CG	True	Cáº§u Giáº¥y	False			False	private_room	True	False			Má»›i	True	13	1				886886464210152534				None				{'__typename': 'Coordinate', 'latitude': 21.020888201634158, 'longitude': 105.79356014728546}		/ Ä‘Ãªm	True			False										True	True			REGULAR	True	https://www.airbnb.com.vn/rooms/886886464210152534		
True		â‚«322.198		None	PhÃ²ng riÃªng trong nhÃ  sÃ¢n vÆ°á»n	True	Long BiÃªn	False			False	private_room		False			5,0 (3)	True	9	2				869123381804676338				None			True	{'__typename': 'Coordinate', 'latitude': 21.0366068, 'longitude': 105.8756782}	3	/ Ä‘Ãªm	True			False							True				True			REGULAR	True	https://www.airbnb.com.vn/rooms/869123381804676338		True
True		â‚«385.466		None	Vequehomestayâœ©villa11âœ©NetflixTVâœ©VS riÃªngâœ©SÃ¢n Ä‘á»ƒ xe		HoÃ n Kiáº¿m	False			False	private_room	True	False			4,75 (83)		29	2				41396609				None	False		True	{'__typename': 'Coordinate', 'latitude': 21.02093, 'longitude': 105.84785}	83	/ Ä‘Ãªm	True			False							True			True				REGULAR	True	https://www.airbnb.com.vn/rooms/41396609	7	
		â‚«300.111		None	Trung tÃ¢m Cozyhome Khu phá»‘ cá»•, NhÃ  thá»		HoÃ n Kiáº¿m					private_room	True				4,19 (21)	True	7	2				780888412764806940		True		None			True	{'__typename': 'Coordinate', 'latitude': 21.0315055, 'longitude': 105.855027}		/ Ä‘Ãªm	True			False							True			True		True		REGULAR	True	https://www.airbnb.com.vn/rooms/780888412764806940		True
True		â‚«294.448		None	Sá»‘ng cÃ¹ng gia Ä‘Ã¬nh báº£n xá»© Ä‘Ã¡ng yÃªu táº¡i Trung tÃ¢m HÃ  Ná»™i		Trung Liá»‡t	False			False	private_room	True	True			4,91 (104)	True	11	2				21671494				None				{'__typename': 'Coordinate', 'latitude': 21.01084, 'longitude': 105.82428}	104	/ Ä‘Ãªm	True			False				True			True			True	True			REGULAR	True	https://www.airbnb.com.vn/rooms/21671494	6	
True		â‚«321.222		None	NgÃ´i nhÃ  áº¥m cÃºng á»Ÿ gÃ³c nhÃ¬n thoÃ¡ng mÃ¡t trÃªn toÃ n trung tÃ¢m. R#202		Hai BÃ  TrÆ°ng	False			False	private_room	True	True			4,64 (44)	True	18	2				36681116				None				{'__typename': 'Coordinate', 'latitude': 20.99721, 'longitude': 105.86368}	44	/ Ä‘Ãªm	True			False				True							True	True		REGULAR	True	https://www.airbnb.com.vn/rooms/36681116	4	True
True		â‚«294.448		None	PhÃ²ng riÃªng gáº§n Äá»n VÄƒn há»c		Äá»‘ng Äa	False			False	private_room	True	True			4,84 (57)	True	17	2				29422956		True		None				{'__typename': 'Coordinate', 'latitude': 21.02498, 'longitude': 105.83684}	57	/ Ä‘Ãªm	True			False										True	True			REGULAR	True	https://www.airbnb.com.vn/rooms/29422956	5	True
True		â‚«285.294		None	V 's Home Westlake. NgÃ´i nhÃ  áº¥m cÃºng gáº§n Westlake 302		Yen Phu ward	False			False	private_room	True	True			4,9 (20)	True	21	1				36694297				None			True	{'__typename': 'Coordinate', 'latitude': 21.05367, 'longitude': 105.83868}	20	/ Ä‘Ãªm	True			False							True				True			REGULAR	True	https://www.airbnb.com.vn/rooms/36694297	4	True
True		â‚«399.412		None	CÄƒn há»™ áº¥m cÃºng á»Ÿ trung tÃ¢m thÃ nh phá»‘		Ba ÄÃ¬nh	False			False	private_room		True			4,95 (19)	True	16	2				53329602				None	False			{'__typename': 'Coordinate', 'latitude': 21.03324, 'longitude': 105.80692}	19	/ Ä‘Ãªm	True			False					True		True			True				REGULAR	True	https://www.airbnb.com.vn/rooms/53329602	2	True
		â‚«428.314		None	CÄƒn há»™ Táº§ng 5 cá»§a Homestay		Hanoi	False			False	entire_home	True				4,96 (52)	True	12	2				15859431				None				{'__typename': 'Coordinate', 'latitude': 21.02252, 'longitude': 105.84842}		/ Ä‘Ãªm	True			False				True		True				True				REGULAR	True	https://www.airbnb.com.vn/rooms/15859431		True
		None		None	Quite place as home	True	Ba ÄÃ¬nh	False			False	private_room	True				Má»›i	True	10	3				891899206278864135				None				{'__typename': 'Coordinate', 'latitude': 21.035903124153307, 'longitude': 105.83026718348265}		/ Ä‘Ãªm	True			False										True				REGULAR	True	https://www.airbnb.com.vn/rooms/891899206278864135		True
		None		None	Vitamin Home~nice room w/balcony	True	TÃ¢y Há»“	False			False	private_room	True				Má»›i	True	16	2				891764502403241424				None				{'__typename': 'Coordinate', 'latitude': 21.08309, 'longitude': 105.81966}		/ Ä‘Ãªm	True			False										True				REGULAR	True	https://www.airbnb.com.vn/rooms/891764502403241424		True
True		â‚«323.524		None	PhÃ²ng riÃªng xinh xáº¯n - DAHouse		Ba ÄÃ¬nh	False			False	private_room	True	True			4,92 (26)		9	2				31303484				None				{'__typename': 'Coordinate', 'latitude': 21.03804, 'longitude': 105.81636}	26	/ Ä‘Ãªm	True			False							True				True	True	True	REGULAR	True	https://www.airbnb.com.vn/rooms/31303484	4	True
True		â‚«441.436		None	Ãnh sÃ¡ng máº·t trá»i tá»± nhiÃªn á»Ÿ HoÃ n Kiáº¿m	True	HoÃ n Kiáº¿m				False	private_room	True	False			4,83 (23)	True	11	2				737539223434077240				None				{'__typename': 'Coordinate', 'latitude': 21.02093, 'longitude': 105.85956}	23	/ Ä‘Ãªm	True			False				True						True	True			REGULAR	True	https://www.airbnb.com.vn/rooms/737539223434077240	9	True
		â‚«475.503		None	R601 - Studio áº¥m cÃºng cho cáº·p Ä‘Ã´i á»Ÿ TÃ¢y Há»“	True	TÃ¢y Há»“					entire_home	True				4,82 (11)	True	10	2				828700828300061719				None				{'__typename': 'Coordinate', 'latitude': 21.0628395, 'longitude': 105.8234699}		/ Ä‘Ãªm	True			False				True			True			True				REGULAR	True	https://www.airbnb.com.vn/rooms/828700828300061719		True
True		â‚«428.301		None	Sá»‘ng cÃ¹ng gia Ä‘Ã¬nh báº£n xá»© #4 (phÃ²ng Sapa, dá»… thÆ°Æ¡ng & quyáº¿n rÅ©)			False			False	private_room	True	True			4,89 (118)	True	21	2				22350458				None				{'__typename': 'Coordinate', 'latitude': 21.03561, 'longitude': 105.82192}	118	/ Ä‘Ãªm	True			False					True		True			True	True			REGULAR		https://www.airbnb.com.vn/rooms/22350458	6	True
True		â‚«441.118		None	Yue è¶Š HOMESTAY #2 @yueviet	True	Äá»‘ng Äa				False	private_room	True	True			4,98 (62)		13	2				661914022530614120	True			None			True	{'__typename': 'Coordinate', 'latitude': 21.02345, 'longitude': 105.83146}	62	/ Ä‘Ãªm	True			False							True			True	True			REGULAR		https://www.airbnb.com.vn/rooms/661914022530614120	2	True
True		â‚«319.530		None	PhÃ²ng 20m2, giáº·t lÃ  miá»…n phÃ­	True	Äá»‘ng Äa	False			False	private_room	True	False			4,83 (6)		10	1				795227624976095783				None				{'__typename': 'Coordinate', 'latitude': 21.02649, 'longitude': 105.83217}	6	/ Ä‘Ãªm	True			False					True		True				True			REGULAR	True	https://www.airbnb.com.vn/rooms/795227624976095783	4	True
True		None		None	CÄƒn há»™ Carambola-Lake view ngay trung tÃ¢m HÃ  Ná»™i		Äá»‘ng Äa	False			False	private_room		False			4,63 (41)	True	30	2				679224628852270771			True	None				{'__typename': 'Coordinate', 'latitude': 21.0258, 'longitude': 105.83723}	41	/ Ä‘Ãªm	True			False		True					True				True			REGULAR	True	https://www.airbnb.com.vn/rooms/679224628852270771	1	True
True		â‚«269.318		None	Law House_single room		HÃ  Ná»™i	False		True	False	private_room		False			5,0 (8)	True	17	1				39860381				None	False			{'__typename': 'Coordinate', 'latitude': 21.0031, 'longitude': 105.85854}	8	/ Ä‘Ãªm	True			False							True			True				REGULAR	True	https://www.airbnb.com.vn/rooms/39860381	4	True
		â‚«298.265		None	â¤ï¸CentralOldTown-BeerStreetğŸŒŸOMoHouseğŸ’•SelfCheck247	True	HoÃ n Kiáº¿m	False			False	private_room	True				4,55 (22)		15	2				662191224149846864	True	True		None				{'__typename': 'Coordinate', 'latitude': 21.03471, 'longitude': 105.85198}		/ Ä‘Ãªm	True			False				True			True							REGULAR		https://www.airbnb.com.vn/rooms/662191224149846864		True
True		â‚«379.508		None	CÄƒn há»™ view há»“ thoÃ¡ng mÃ¡t vá»›i khÃ´ng gian xanh		TÃ¢y Há»“	False			False	private_room		True			4,79 (28)	True	15	2				740053486028534848				None	False		True	{'__typename': 'Coordinate', 'latitude': 21.05038, 'longitude': 105.8381}	28	/ Ä‘Ãªm	True		True	False							True			True				REGULAR		https://www.airbnb.com.vn/rooms/740053486028534848	6	True
True		â‚«267.706		None	áº¤m cÃºng						False	private_room		False			4,43 (58)	True	10	3				17193612				None			True	{'__typename': 'Coordinate', 'latitude': 21.01208, 'longitude': 105.8404}	58	/ Ä‘Ãªm	True			False							True			True	True		True	REGULAR	True	https://www.airbnb.com.vn/rooms/17193612	7	True
		â‚«319.530		None	Thanh Huong 99 Hotel - Ná»™i BÃ i, HÃ  Ná»™i, VN (2ng)	True	Quang Tiáº¿n					private_room	True				4,6 (25)	True	20	2			True	740798436221615329				None				{'__typename': 'Coordinate', 'latitude': 21.2182863, 'longitude': 105.7818496}		/ Ä‘Ãªm	True			False							True			True		True		REGULAR	True	https://www.airbnb.com.vn/rooms/740798436221615329		True
True		â‚«445.707		None	#201 Studio Ã¡nh sÃ¡ng tá»± nhiÃªn vÃ  bÃªn cáº¡nh VÄƒn Miáº¿u		Ba ÄÃ¬nh	False			False	private_room		False			4,61 (61)	True	23	3				29195954				None				{'__typename': 'Coordinate', 'latitude': 21.02953, 'longitude': 105.83724}	61	/ Ä‘Ãªm	True			False							True			True	True		True	REGULAR	True	https://www.airbnb.com.vn/rooms/29195954	5	True
True		â‚«379.441		None	Cool Retro Budget Room vá»›i Big Outdoor Terrace		HoÃ n Kiáº¿m	False			False	private_room	True	True			4,93 (15)	True	20	2				774579236697560281		True		None				{'__typename': 'Coordinate', 'latitude': 21.0262038, 'longitude': 105.8436506}	15	/ Ä‘Ãªm	True			False							True				True	True		REGULAR		https://www.airbnb.com.vn/rooms/774579236697560281	3	True
		â‚«439.349		None	CÄƒn há»™ trung tÃ¢m hoÃ n háº£o - Khu phá»‘ cá»• HÃ  Ná»™i		Hanoi				False	entire_home	True				4,69 (101)		19	2	True		True	17859872			True	None			True	{'__typename': 'Coordinate', 'latitude': 21.03105, 'longitude': 105.85486}		/ Ä‘Ãªm	True			False							True			True		True		REGULAR		https://www.airbnb.com.vn/rooms/17859872		
True		None		None	Cá»­a sá»• siÃªu má»ng, khÃ¡ rá»™ng rÃ£i, thÃ´ng thoÃ¡ng, Ã¡nh sÃ¡ng tá»± nhiÃªn ,2.		Äá»‘ng Äa	False			False	private_room	True	False			4,63 (97)		30	2				33349086				None				{'__typename': 'Coordinate', 'latitude': 21.02791, 'longitude': 105.84065}	97	/ Ä‘Ãªm	True			False				True		True	True			True	True			REGULAR	True	https://www.airbnb.com.vn/rooms/33349086	5	
True		â‚«314.394		None	2 studio near westlake and lotte badinh	True	Ba ÄÃ¬nh					private_room	True	False			Má»›i	True	9	2				870118745112046288		True		None				{'__typename': 'Coordinate', 'latitude': 21.03419, 'longitude': 105.81093}	2	/ Ä‘Ãªm	True		True	False										True	True			REGULAR	True	https://www.airbnb.com.vn/rooms/870118745112046288	2	True
True		â‚«401.559		None	SunFlower Homestay , NgÃµ yÃªn tÄ©nh,Gáº§n khu phá»‘ cá»•(1)		Ba ÄÃ¬nh	False			False	private_room	True	True			4,91 (123)	True	9	2				29520177				None				{'__typename': 'Coordinate', 'latitude': 21.0429, 'longitude': 105.84386}	123	/ Ä‘Ãªm	True			False							True			True	True		True	REGULAR	True	https://www.airbnb.com.vn/rooms/29520177	4	
True		None		None	Cozy room near the Ha Noi center and West Lake 3.2	True	Ba ÄÃ¬nh	False			False	private_room		False			Má»›i		26	2				885947778622110964		True		None				{'__typename': 'Coordinate', 'latitude': 21.04659, 'longitude': 105.80825}		/ Ä‘Ãªm	True			False							True			True	True			REGULAR	True	https://www.airbnb.com.vn/rooms/885947778622110964		True
		None		None	Vitamin Home~Beauty daisy room	True	TÃ¢y Há»“	False			False	private_room	True				Má»›i	True	23	2				891673992976938536				None				{'__typename': 'Coordinate', 'latitude': 21.06232, 'longitude': 105.83261}		/ Ä‘Ãªm	True			False										True				REGULAR	True	https://www.airbnb.com.vn/rooms/891673992976938536		True
True		â‚«352.421		None	Kome Inn - Jade Studio  *Center Old Quarter*	True	HoÃ n Kiáº¿m					private_room		False			4,33 (3)	True	9	2				865932613451179787		True		None				{'__typename': 'Coordinate', 'latitude': 21.033684, 'longitude': 105.8473817}	3	/ Ä‘Ãªm	True			False							True	True		True	True			REGULAR	True	https://www.airbnb.com.vn/rooms/865932613451179787		True
True		â‚«325.235		None	1 studio near westlake and Lotte BÄinh	True	Ba ÄÃ¬nh				False	private_room		False			Má»›i	True	6	2				865009784625368046		True		None	False			{'__typename': 'Coordinate', 'latitude': 21.0333701, 'longitude': 105.811266}	2	/ Ä‘Ãªm	True		True	False							True			True				REGULAR		https://www.airbnb.com.vn/rooms/865009784625368046	2	True
		â‚«456.471		None	Loft House/ Hoan Kiem Lake/ Book Street		HoÃ n Kiáº¿m	False			False	entire_home	True				Má»›i	True	18	2				872989129723295454			True	None				{'__typename': 'Coordinate', 'latitude': 21.02564, 'longitude': 105.85428}		/ Ä‘Ãªm	True			False										True				REGULAR		https://www.airbnb.com.vn/rooms/872989129723295454		True
True		None		None	PhÃ²ng studio rá»™ng rÃ£i gáº§n khu phá»‘ cá»•		Hanoi	False			False	private_room	True	False			4,77 (239)	True	26	2				10540525				None				{'__typename': 'Coordinate', 'latitude': 21.03489, 'longitude': 105.84494}	239	/ Ä‘Ãªm	True			False							True			True	True			REGULAR	True	https://www.airbnb.com.vn/rooms/10540525	7	True
		â‚«492.577		None	H281*1bed Apt* Free laundry, clearning *Gim*Lotte						False	entire_home	True				4,92 (73)	True	11	2				35948587				None				{'__typename': 'Coordinate', 'latitude': 21.03196, 'longitude': 105.80863}		/ Ä‘Ãªm	True		True	False					True		True			True			True	REGULAR	True	https://www.airbnb.com.vn/rooms/35948587		
		None		None	Soul Homestay - TV/báº¿p/Wi-fi	True	HoÃ n Kiáº¿m	False			False	private_room	True				4,29 (7)	True	12	2				841756260812639174				None				{'__typename': 'Coordinate', 'latitude': 21.0245787, 'longitude': 105.8428323}		/ Ä‘Ãªm	True			False							True			True		True		REGULAR	True	https://www.airbnb.com.vn/rooms/841756260812639174		
		None		None	KhÃ¡ch sáº¡n giÃ¡ ráº» HÃ  Ná»™i EcoStay 2 - NhÃ  trá» táº­p thá»ƒ há»—n há»£p 4	True	HoÃ n Kiáº¿m	False			False	shared_room	True				None	True	14	10				656254346393995930				None				{'__typename': 'Coordinate', 'latitude': 21.03461, 'longitude': 105.85382}		/ Ä‘Ãªm	True	True		False										True				REGULAR		https://www.airbnb.com.vn/rooms/656254346393995930		True
		None		None	(iii) ÄÆ°á»£c trang bá»‹ Ä‘áº§y Ä‘á»§ tiá»‡n nghi/Studio/Trung tÃ¢m		Ba ÄÃ¬nh	False			False	private_room	True				5,0 (3)	True	30	2				864472251138044843	True			None				{'__typename': 'Coordinate', 'latitude': 21.0438, 'longitude': 105.8441}		/ Ä‘Ãªm	True			False				True			True			True				REGULAR		https://www.airbnb.com.vn/rooms/864472251138044843		True
True		â‚«420.935		None	PhÃ²ng thoáº£i mÃ¡i, yÃªn tÄ©nh, Ã¡nh sÃ¡ng tá»± nhiÃªn, HoÃ n Kiáº¿m	True	HoÃ n Kiáº¿m	False			False	private_room	True	False			4,7 (23)	True	16	2				753502350104915466				None				{'__typename': 'Coordinate', 'latitude': 21.0380821, 'longitude': 105.8454286}	23	/ Ä‘Ãªm	True			False										True	True			REGULAR	True	https://www.airbnb.com.vn/rooms/753502350104915466	5	True
True		â‚«267.693		None	New apartment very cheap in my dinh 1		Tá»« LiÃªm	False			False	private_room	True	False			None	True	8	2				40900943				None	False			{'__typename': 'Coordinate', 'latitude': 21.02068, 'longitude': 105.77559}		/ Ä‘Ãªm	True			False					True		True							REGULAR		https://www.airbnb.com.vn/rooms/40900943		
		â‚«445.059		None	R202 - CÄƒn há»™ studio á»Ÿ Ä‘Æ°á»ng Äáº·ng Thai Mai, TÃ¢y Há»“.		Hanoi					entire_home	True				4,6 (5)	True	10	2				47340874			True	None				{'__typename': 'Coordinate', 'latitude': 21.06312, 'longitude': 105.82273}		/ Ä‘Ãªm	True			False							True			True		True	True	REGULAR	True	https://www.airbnb.com.vn/rooms/47340874		True
		â‚«418.153		None	Apartment nearby the Old Quarter @ Hoan Kiem	True	HoÃ n Kiáº¿m	False			False	entire_home					4,8 (10)	True	19	3				663267587921847533		True	True	None				{'__typename': 'Coordinate', 'latitude': 21.02325634194823, 'longitude': 105.8472810333149}		/ Ä‘Ãªm	True			False							True							REGULAR		https://www.airbnb.com.vn/rooms/663267587921847533		True
True		â‚«285.294		None	CÄƒn há»™ gáº§n kengnam, Má»¹ ÄÃ¬nh 2, Nam Tá»« LiÃªm, HÃ  Ná»™i		Tá»« LiÃªm	False			False	private_room	True	True			Má»›i	True	4	2				849930497097506246	True			None				{'__typename': 'Coordinate', 'latitude': 21.030457707551935, 'longitude': 105.77372403938774}		/ Ä‘Ãªm	True			False							True				True			REGULAR	True	https://www.airbnb.com.vn/rooms/849930497097506246		True
True		â‚«321.237		None	SiÃªu trung tÃ¢m & giÃ¡ ráº»| GiÆ°á»ng cá»¡ King áº¥m cÃºng		HoÃ n Kiáº¿m	False			False	private_room	True	True			4,88 (16)	True	20	2				822963877549896974				None	False			{'__typename': 'Coordinate', 'latitude': 21.034940362040434, 'longitude': 105.85269563491356}	16	/ Ä‘Ãªm	True	True		False							True					True		REGULAR		https://www.airbnb.com.vn/rooms/822963877549896974	2	
		â‚«540.224		None	*Private Studio Unit.403 & Balcony * 1Bed * 1Bath*	True	TÃ¢y Há»“				False	entire_home					Má»›i	True	8	2	True			886392890869025149				None			True	{'__typename': 'Coordinate', 'latitude': 21.0709923, 'longitude': 105.8117046}		/ Ä‘Ãªm	True			False							True			True				REGULAR	True	https://www.airbnb.com.vn/rooms/886392890869025149		True
True		â‚«321.237		None	Sá»‘ng cÃ¹ng gia Ä‘Ã¬nh báº£n xá»© Kim HÃ  Ná»™i 2		YÃªn Phá»¥	False			False	private_room		True			4,78 (23)	True	21	2				20396616				None				{'__typename': 'Coordinate', 'latitude': 21.0545, 'longitude': 105.83766}	23	/ Ä‘Ãªm	True			False							True			True	True		True	REGULAR	True	https://www.airbnb.com.vn/rooms/20396616	6	True
True		â‚«321.237		None	LÃ  nhÃ  cá»§a báº¡n á»Ÿ Cáº§u khá»•ng lá»“ HÃ  Ná»™i		Dá»‹ch Vá»ng Háº­u	False			False	private_room	True	True			4,98 (59)	True	6	2				3354986	True			None				{'__typename': 'Coordinate', 'latitude': 21.03098, 'longitude': 105.7856}	59	/ Ä‘Ãªm	True			False											True	True		REGULAR	True	https://www.airbnb.com.vn/rooms/3354986	8	True
True		â‚«412.000	True	None	Vong Thi, Room402. Studios gáº§n Há»“ TÃ¢y		TÃ¢y Há»“	False			False	private_room	True	True			5,0 (7)	True	13	2				787380266410387770				None	False			{'__typename': 'Coordinate', 'latitude': 21.05088759924921, 'longitude': 105.8094449730104}	7	/ Ä‘Ãªm	True			False				True						True				REGULAR	True	https://www.airbnb.com.vn/rooms/787380266410387770	2	
True		â‚«285.294		None	V 's Home Westlake. NgÃ´i nhÃ  áº¥m cÃºng gáº§n Westlake 402		Yen Phu ward	False			False	private_room	True	True			4,67 (15)	True	21	1				37502759	True			None			True	{'__typename': 'Coordinate', 'latitude': 21.05291, 'longitude': 105.83728}	15	/ Ä‘Ãªm	True			False							True				True			REGULAR	True	https://www.airbnb.com.vn/rooms/37502759	4	
True		None		None	NhÃ  cá»§a Juan 2. Hanoi Sweet Home - Chá»£ Ä‘á»‹a phÆ°Æ¡ng		Äá»‘ng Äa				False	private_room	True	False			4,75 (44)	True	20	2				35856057	True			None				{'__typename': 'Coordinate', 'latitude': 21.02745, 'longitude': 105.83952}	44	/ Ä‘Ãªm	True			False				True							True	True		REGULAR	True	https://www.airbnb.com.vn/rooms/35856057	5	True
		â‚«413.106	True	None	Linnie 's Abditory - á» trung tÃ¢m HÃ  Ná»™i		Ba ÄÃ¬nh	False			False	entire_home	True				4,89 (101)		17	2				32847325				None				{'__typename': 'Coordinate', 'latitude': 21.04462, 'longitude': 105.84439}		/ Ä‘Ãªm	True	True		False				True										REGULAR		https://www.airbnb.com.vn/rooms/32847325		
True		â‚«410.824		None	BOHE - áº¤M cÃºng táº¡i trung tÃ¢m HÃ  Ná»™i - Sá»NG CÃ™NG GIA ÄÃŒNH Báº¢N Xá»¨		Hanoi	False			False	private_room	True	False			4,54 (37)	True	13	2				34664296				None			True	{'__typename': 'Coordinate', 'latitude': 21.0362, 'longitude': 105.85468}	37	/ Ä‘Ãªm	True			False							True				True		True	REGULAR	True	https://www.airbnb.com.vn/rooms/34664296	4	
True		None		None	PICCOLO - Beautiful room w. unique decor in HN		TÃ¢y Há»“				False	private_room	True	False			4,77 (13)	True	23	2				509611282873192652				None				{'__typename': 'Coordinate', 'latitude': 21.05418, 'longitude': 105.83515}	13	/ Ä‘Ãªm	True			False					True		True				True		True	REGULAR	True	https://www.airbnb.com.vn/rooms/509611282873192652	5	True
		â‚«429.053		None	Studio Apt on To Ngoc Van 36		TÃ¢y Há»“	False			False	entire_home					4,67 (3)	True	10	2	True		True	836610309307990848		True		None				{'__typename': 'Coordinate', 'latitude': 21.06905, 'longitude': 105.82356}		/ Ä‘Ãªm	True		True	False							True			True				REGULAR		https://www.airbnb.com.vn/rooms/836610309307990848		
		â‚«479.294	True	None	Sun Clover Home-indochine style,city view,westlake		TÃ¢y Há»“				False	private_room	True				Má»›i		20	2			True	888128215489217175				None			True	{'__typename': 'Coordinate', 'latitude': 21.05285, 'longitude': 105.8374432}		/ Ä‘Ãªm	True			False							True			True				REGULAR	True	https://www.airbnb.com.vn/rooms/888128215489217175		True
True		â‚«422.235		None	Eterbe house - Discount tá»« 15-18/4	True	Tá»« LiÃªm				False	private_room		False			Má»›i	True	5	2				878971967452050482		True	True	None				{'__typename': 'Coordinate', 'latitude': 21.02026, 'longitude': 105.778}		/ Ä‘Ãªm	True			False							True			True	True			REGULAR		https://www.airbnb.com.vn/rooms/878971967452050482		True
		â‚«396.491		None	Ban cÃ´ng/4.netflix/topferbed/wash/dry/AIRPORTcar	True	HÃ  Ná»™i				False	entire_home					4,79 (19)	True	25	2			True	41179589		True		None				{'__typename': 'Coordinate', 'latitude': 21.01056, 'longitude': 105.86045}		/ Ä‘Ãªm	True			False							True			True				REGULAR	True	https://www.airbnb.com.vn/rooms/41179589		True
False		â‚«319.530		None	Goldmark City Apartment Homestay		Nam Tá»« LiÃªm			True		private_room	True	False			5,0 (10)	True	26	1			True	31548066				None	False			{'__typename': 'Coordinate', 'latitude': 21.04242, 'longitude': 105.7668}	10	/ Ä‘Ãªm	True			False					True					True			True	REGULAR	True	https://www.airbnb.com.vn/rooms/31548066	5	
		â‚«267.706		None	Studio tuyÃª Ì£ t vÆ¡ Ì€ i vÃ  lÃ nh máº¡nh		Äá»‘ng Äa	False			False	private_room					4,41 (102)	True	16	2	True			15573550			True	None			True	{'__typename': 'Coordinate', 'latitude': 21.01247, 'longitude': 105.84014}		/ Ä‘Ãªm	True			False							True			True				REGULAR		https://www.airbnb.com.vn/rooms/15573550		True
		None		None	CÄƒn há»™ má»™t giÆ°á»ng áº¥m cÃºng - studio @HanoiBui 'sHomflix	True	HÃ  Ná»™i	False			False	entire_home	True				4,85 (34)	True	26	6				35467582				None				{'__typename': 'Coordinate', 'latitude': 21.03209, 'longitude': 105.82378}		/ Ä‘Ãªm	True			False										True		True		REGULAR	True	https://www.airbnb.com.vn/rooms/35467582		True
True		â‚«401.559		None	SunFlower homestay , LÃ n Ä‘Æ°á»ng yÃªn tÄ©nh,Gáº§n khu phá»‘ cá»•(3)		Ba ÄÃ¬nh	False			False	private_room	True	True			4,75 (95)	True	15	4				38507046				None				{'__typename': 'Coordinate', 'latitude': 21.04172, 'longitude': 105.84291}	95	/ Ä‘Ãªm	True			False				True			True				True		True	REGULAR	True	https://www.airbnb.com.vn/rooms/38507046	4	
		â‚«421.995		None	Guest suite with private kitchen, toilet, AC	True	Cáº§u Giáº¥y					private_room	True				Má»›i	True	25	3				889335822358705688	True			None				{'__typename': 'Coordinate', 'latitude': 21.04459, 'longitude': 105.79056}		/ Ä‘Ãªm	True	True		False				True					True	True				REGULAR		https://www.airbnb.com.vn/rooms/889335822358705688		True
True		â‚«428.309		None	Sá»‘ng cÃ¹ng gia Ä‘Ã¬nh báº£n xá»© sá»‘ 3 (phÃ²ng HÃ  Ná»™i, nhÃ  sinh Ä‘Ã´i)			False			False	private_room		True			4,79 (78)	True	23	2				22350273				None				{'__typename': 'Coordinate', 'latitude': 21.03538, 'longitude': 105.82225}	78	/ Ä‘Ãªm	True			False					True		True			True	True			REGULAR	True	https://www.airbnb.com.vn/rooms/22350273	6	True
True		â‚«321.237		None	Green Homestay		Háº£i Bá»‘i	False			False	private_room		False			4,67 (6)	True	12	2				46229103		True		None			True	{'__typename': 'Coordinate', 'latitude': 21.11732, 'longitude': 105.80361}	6	/ Ä‘Ãªm	True			False							True			True	True			REGULAR	True	https://www.airbnb.com.vn/rooms/46229103	3	
		None		None	Má»™t studio má»›i vÃ  thÆ° giÃ£n á»Ÿ Äá»‘ng Äa	True	Äá»‘ng Äa				False	entire_home					Má»›i	True	26	2				851727887915148354			True	None				{'__typename': 'Coordinate', 'latitude': 21.0230565, 'longitude': 105.8076453}		/ Ä‘Ãªm	True			False					True					True			True	REGULAR	True	https://www.airbnb.com.vn/rooms/851727887915148354		True
True		â‚«273.882		None	NgÃ´i nhÃ  áº¥m Ã¡p vÃ  thÃ¢n thiá»‡n - gáº§n Há»“ TÃ¢y		TÃ¢y Há»“	False			False	private_room	True	False			None	True	28	2				770554277221934764		True		None				{'__typename': 'Coordinate', 'latitude': 21.0899591, 'longitude': 105.7915941}		/ Ä‘Ãªm	True			False										True	True			REGULAR	True	https://www.airbnb.com.vn/rooms/770554277221934764		True
		â‚«448.483		None	Vá»‹ trÃ­ trung tÃ¢m - Ban cÃ´ng Homestay		HoÃ n Kiáº¿m	False			False	entire_home	True				4,28 (29)	True	10	2				684318065354819712		True		None				{'__typename': 'Coordinate', 'latitude': 21.0192407, 'longitude': 105.8527467}		/ Ä‘Ãªm	True			False							True					True		REGULAR	True	https://www.airbnb.com.vn/rooms/684318065354819712		True
		None		None	# CÄƒn há»™ 2 pho Ì€ ng ngu Ì‰ cao cáº¥p # 5* S2 Vinhomes OceanPark		Äa Tá»‘n			True		entire_home					4,52 (44)	True	24	6	True	True		46782604				None				{'__typename': 'Coordinate', 'latitude': 20.99196, 'longitude': 105.94251}		/ Ä‘Ãªm	True		True	False					True		True			True				REGULAR		https://www.airbnb.com.vn/rooms/46782604		True
True		â‚«328.659		None	V 's Home Red River. NgÃ´i nhÃ  cá»• gáº§n trung tÃ¢m 402	True	Long BiÃªn	False			False	private_room	True	True			None	True	10	2				757853117148784689				None			True	{'__typename': 'Coordinate', 'latitude': 21.0333, 'longitude': 105.86943}		/ Ä‘Ãªm	True			False							True				True			REGULAR	True	https://www.airbnb.com.vn/rooms/757853117148784689		
		â‚«404.494		None	Ban cÃ´ng/2.netflix/wash/dry/Airportcar/Topferbed	True	Hanoi	False			False	entire_home					4,91 (11)	True	25	2			True	41188415		True		None				{'__typename': 'Coordinate', 'latitude': 21.01257, 'longitude': 105.86028}		/ Ä‘Ãªm	True			False							True			True				REGULAR		https://www.airbnb.com.vn/rooms/41188415		True
True		â‚«369.420		None	Komeinn - Nature- Centre of Old Quarter	True	HoÃ n Kiáº¿m					private_room		False			Má»›i	True	6	2	True			885229321475194356		True		None				{'__typename': 'Coordinate', 'latitude': 21.033684, 'longitude': 105.8473817}		/ Ä‘Ãªm	True			False										True	True		True	REGULAR	True	https://www.airbnb.com.vn/rooms/885229321475194356		True
True		None		None	* Khuphá»‘ cá»• * NhÃ  thá» *phÃ²ng cÃ³ cá»­a sá»•*	True	HoÃ n Kiáº¿m	False			False	private_room	True	False			4,78 (9)	True	8	2				661452293174027216			True	None	False			{'__typename': 'Coordinate', 'latitude': 21.02969, 'longitude': 105.84732}	9	/ Ä‘Ãªm	True			False							True			True				REGULAR		https://www.airbnb.com.vn/rooms/661452293174027216	4	
		None		None	Homestay giÃ¡ ráº»  táº¡i TÃ¢y Há»“	True	TÃ¢y Há»“	False			False	private_room					Má»›i	True	5	4			True	885169885818975484		True	True	None				{'__typename': 'Coordinate', 'latitude': 21.0673808, 'longitude': 105.8350737}		/ Ä‘Ãªm	True			False							True							REGULAR		https://www.airbnb.com.vn/rooms/885169885818975484		True
True		â‚«410.824		None	OLD QUARTER NEARBY-ROOFTOP VIEW-CACTUS HOMESTAY		Hanoi	False			False	private_room	True	False			4,38 (16)	True	11	2				34796249				None				{'__typename': 'Coordinate', 'latitude': 21.03682, 'longitude': 105.85415}	16	/ Ä‘Ãªm	True			False							True				True	True	True	REGULAR	True	https://www.airbnb.com.vn/rooms/34796249	4	
		â‚«404.843		None	CÄƒn há»™ kinh doanh * nháº¹* Ná»™i tháº¥t phÆ°Æ¡ng TÃ¢y		Hanoi	False			False	entire_home	True				4,67 (9)	True	30	2				40283831				None			True	{'__typename': 'Coordinate', 'latitude': 21.02283, 'longitude': 105.81368}		/ Ä‘Ãªm	True			False				True						True		True		REGULAR	True	https://www.airbnb.com.vn/rooms/40283831		
True		â‚«450.765		None	Ban cÃ´ng Ä‘Ã¡ng yÃªu - PhÃ²ng riÃªng táº¡i Trung tÃ¢m thÃ nh phá»‘ HÃ  Ná»™i.			False			False	private_room		False			4,92 (13)	True	30	2	True		True	31896934			True	None				{'__typename': 'Coordinate', 'latitude': 21.02345, 'longitude': 105.82832}	13	/ Ä‘Ãªm	True			False							True				True			REGULAR		https://www.airbnb.com.vn/rooms/31896934	4	True
True		â‚«484.961		None	PhÃ²ng Retro tháº­p niÃªn 80 Ä‘á»™c Ä‘Ã¡o vá»›i Big Sunshine Terrace		HoÃ n Kiáº¿m	False			False	private_room	True	True			4,71 (24)	True	30	2				774584790760779336		True		None				{'__typename': 'Coordinate', 'latitude': 21.0262038, 'longitude': 105.8436506}	24	/ Ä‘Ãªm	True			False							True				True		True	REGULAR		https://www.airbnb.com.vn/rooms/774584790760779336	3	True
		â‚«477.329		None	Ban cÃ´ng/1.netflix/wash/dry/Airportcar/freeparking	True	HÃ  Ná»™i				False	entire_home					4,62 (13)	True	24	3				40939792		True		None				{'__typename': 'Coordinate', 'latitude': 21.01035, 'longitude': 105.85893}		/ Ä‘Ãªm	True			False							True			True			True	REGULAR	True	https://www.airbnb.com.vn/rooms/40939792		True
True		â‚«342.353		None	V 's Home Long BiÃªn . PhÃ²ng áº¥m cÃºng 3	True	Long BiÃªn	False			False	private_room	True	True			4,5 (4)		8	2				823037502641038989				None				{'__typename': 'Coordinate', 'latitude': 21.03655, 'longitude': 105.87444}	4	/ Ä‘Ãªm	True	True		False							True				True			REGULAR	True	https://www.airbnb.com.vn/rooms/823037502641038989	4	True
		â‚«433.647		None	Studio riÃªng Ä‘Ã¡ng yÃªu táº¡i quáº­n HoÃ n Kiáº¿m	True	HoÃ n Kiáº¿m	False			False	private_room					4,83 (6)	True	5	2				646677629386735160				None				{'__typename': 'Coordinate', 'latitude': 21.02331, 'longitude': 105.85367}		/ Ä‘Ãªm	True			False					True		True			True				REGULAR	True	https://www.airbnb.com.vn/rooms/646677629386735160		True
		â‚«492.577		None	CÄƒn há»™ H803-01 GiÆ°á»ng * Giáº·t á»§i miá»…n phÃ­, dá»n dáº¹p *Gim*Lotte		Ba ÄÃ¬nh				False	entire_home	True				4,79 (42)	True	11	2				34844777				None				{'__typename': 'Coordinate', 'latitude': 21.03257, 'longitude': 105.80672}		/ Ä‘Ãªm	True		True	False					True		True			True			True	REGULAR	True	https://www.airbnb.com.vn/rooms/34844777		
		â‚«456.471		None	Studio vá»›i hÃ ng táº¥n Ã¡nh sÃ¡ng tá»± nhiÃªn		Ba ÄÃ¬nh	False			False	entire_home					None	True	17	2				49039294		True	True	None			True	{'__typename': 'Coordinate', 'latitude': 21.04616, 'longitude': 105.84028}		/ Ä‘Ãªm	True			False							True			True				REGULAR		https://www.airbnb.com.vn/rooms/49039294		True
True		â‚«428.301		None	Sá»‘ng cÃ¹ng gia Ä‘Ã¬nh báº£n xá»© sá»‘ 1 (phÃ²ng Hoian, stylist deco)			False			False	private_room		True			4,82 (91)	True	20	2				19939757				None				{'__typename': 'Coordinate', 'latitude': 21.03686, 'longitude': 105.82352}	91	/ Ä‘Ãªm	True			False					True		True			True	True		True	REGULAR		https://www.airbnb.com.vn/rooms/19939757	6	True
		None		None	CÄƒn há»™ nhá» xinh Ä‘áº§y Ä‘á»§ tiá»‡n nghi táº¡i TÃ¢y Há»“	True	TÃ¢y Há»“				False	private_room					Má»›i	True	19	2				871243816452656520		True		None			True	{'__typename': 'Coordinate', 'latitude': 21.0528908, 'longitude': 105.8348665}		/ Ä‘Ãªm	True			False					True		True			True				REGULAR		https://www.airbnb.com.vn/rooms/871243816452656520		True
		â‚«340.071		None	Tá»• áº¥m Sao Mai - sÃ¢n bay Ná»™i BÃ i	True	SÃ³c SÆ¡n				False	private_room	True				4,58 (88)		29	16				41680539	True			None				{'__typename': 'Coordinate', 'latitude': 21.21683, 'longitude': 105.78117}		/ Ä‘Ãªm	True			False							True			True		True	True	REGULAR	True	https://www.airbnb.com.vn/rooms/41680539		
True		â‚«402.731		None	Giai Ä‘iá»‡u Äáº¡i Kim quÃª hÆ°Æ¡ng - HÃ  Ná»™i	True	HoÃ ng Mai				False	private_room	True	False			4,75 (4)	True	15	2				48399757				None	False			{'__typename': 'Coordinate', 'latitude': 20.97988, 'longitude': 105.81444}	4	/ Ä‘Ãªm	True			False					True		True			True				REGULAR	True	https://www.airbnb.com.vn/rooms/48399757	2	
True		â‚«490.706		None	Vitamin Home ~ Summer room in HoanKiem		HoÃ n Kiáº¿m	False			False	private_room	True	False			4,52 (25)	True	30	2				650844189111285267				None				{'__typename': 'Coordinate', 'latitude': 21.02921, 'longitude': 105.84757}	25	/ Ä‘Ãªm	True			False							True			True	True			REGULAR	True	https://www.airbnb.com.vn/rooms/650844189111285267	6	True
True		â‚«365.177		None	Trung tÃ¢m thÃ nh phá»‘ HÃ  Ná»™i | PhÃ²ng RiÃªng áº¥m cÃºng			False			False	private_room		False			4,73 (40)	True	30	1	True		True	31501235				None				{'__typename': 'Coordinate', 'latitude': 21.02544, 'longitude': 105.82903}	40	/ Ä‘Ãªm	True			False							True			True	True			REGULAR		https://www.airbnb.com.vn/rooms/31501235	4	True
False		â‚«267.706		None	PhÃ²ng sÃ¡ng sá»§a,yÃªn tÄ©nh trong nhÃ  chung cá»§a ngÆ°á»i nÆ°á»›c ngoÃ i gáº§n Lotte		Ba ÄÃ¬nh	False			False	private_room	True	False			None	True	3	1				46015441	True			None				{'__typename': 'Coordinate', 'latitude': 21.03393, 'longitude': 105.82495}		/ Ä‘Ãªm	True			False							True				True			REGULAR	True	https://www.airbnb.com.vn/rooms/46015441		True
True		â‚«398.000		None	Vá»ng Thá»‹, PhÃ²ng302, Gáº§n Há»“ TÃ¢y		TÃ¢y Há»“	False			False	private_room	True	True			5,0 (3)	True	13	2				790265841086877380				None	False			{'__typename': 'Coordinate', 'latitude': 21.05222, 'longitude': 105.81016}	3	/ Ä‘Ãªm	True			False				True						True		True		REGULAR	True	https://www.airbnb.com.vn/rooms/790265841086877380	2	
True		None		None	Cáº£m giÃ¡c thoáº£i mÃ¡i yÃªn tÄ©nh	True	Tá»« LiÃªm				False	private_room		False			Má»›i	True	5	2				883560542097962991				None				{'__typename': 'Coordinate', 'latitude': 21.0496, 'longitude': 105.78257}		/ Ä‘Ãªm	True		True	False							True			True	True			REGULAR	True	https://www.airbnb.com.vn/rooms/883560542097962991		True
True		â‚«303.665		None	ğŸŒ³CentralOldTown-FoodStreetğŸŒŸOMoHouseğŸ’•Selfcheck247	True	HoÃ n Kiáº¿m	False			False	private_room	True	False			4,38 (13)		15	2				672111519748122108	True	True		None				{'__typename': 'Coordinate', 'latitude': 21.03563, 'longitude': 105.8541}	13	/ Ä‘Ãªm	True			False							True				True			REGULAR		https://www.airbnb.com.vn/rooms/672111519748122108	6	True
		â‚«419.294		None	Heart of Hoan Kiem super aesthetic	True	HoÃ n Kiáº¿m	False			False	private_room	True				Má»›i	True	6	2				882132395764014937		True	True	None				{'__typename': 'Coordinate', 'latitude': 21.02958, 'longitude': 105.8462}		/ Ä‘Ãªm	True			False							True							REGULAR		https://www.airbnb.com.vn/rooms/882132395764014937		True
True		None		None	Comfort/bathtub/HoanKiem/Cental	True	HoÃ n Kiáº¿m	False			False	private_room	True	False			Má»›i	True	20	2				884522026093493882				None				{'__typename': 'Coordinate', 'latitude': 21.01942, 'longitude': 105.85546}	1	/ Ä‘Ãªm	True		True	False											True			REGULAR	True	https://www.airbnb.com.vn/rooms/884522026093493882	5	
True		â‚«486.478		None	PhÃ²ng riÃªng Styish1 Vinhomes Greenbay táº§m nhÃ¬n ra há»“		Tá»« LiÃªm			True		private_room		True			4,89 (37)	True	30	2				37700532			True	None			True	{'__typename': 'Coordinate', 'latitude': 21.00117, 'longitude': 105.78294}	37	/ Ä‘Ãªm	True			False							True			True	True			REGULAR		https://www.airbnb.com.vn/rooms/37700532	4	True
True		â‚«468.000		None	NhÃ  cá»§a Tráº§n - view thÃ nh phá»‘/Táº§ng thÆ°á»£ng lá»›n/Qtr CÅ© trung tÃ¢m		Hanoi	False			False	private_room		False			4,73 (134)		30	2			True	29995408				None			True	{'__typename': 'Coordinate', 'latitude': 21.03535, 'longitude': 105.8504}	134	/ Ä‘Ãªm	True			False					True					True	True			REGULAR	True	https://www.airbnb.com.vn/rooms/29995408	5	True
True		None		None	Háº±ng'sweethome	True	Ba ÄÃ¬nh	False			False	private_room		False			Má»›i	True	8	1	True			865899151121410374		True		None				{'__typename': 'Coordinate', 'latitude': 21.0303729, 'longitude': 105.8148413}		/ Ä‘Ãªm	True			False							True				True			REGULAR		https://www.airbnb.com.vn/rooms/865899151121410374		True
		â‚«443.918		None	Dreamcatcher Villa *** TV Netflix * *** ban cÃ´ng lá»›n *		HoÃ n Kiáº¿m	False			False	private_room	True				4,75 (24)	True	16	2				34427814				None				{'__typename': 'Coordinate', 'latitude': 21.02121, 'longitude': 105.84921}		/ Ä‘Ãªm	True			False							True			True			True	REGULAR	True	https://www.airbnb.com.vn/rooms/34427814		True
True		â‚«270.990		None	PhÃ²ng sáº¡ch sáº½ vÃ  áº¥m cÃºng táº¡i BÃ¡i ÄÃ­nh * mÃ¡y giáº·t miá»…n phÃ­ *gáº§n há»“		BÆ°á»Ÿi	False			False	private_room		False			5,0 (6)	True	13	1				41709986				None			True	{'__typename': 'Coordinate', 'latitude': 21.0484, 'longitude': 105.80825}	6	/ Ä‘Ãªm	True			False							True			True	True			REGULAR	True	https://www.airbnb.com.vn/rooms/41709986	3	True
True		â‚«410.824		None	CHáº¾ Äá»˜ XEM/Vá»Š TRÃ TUYá»†T Vá»œI - Sá»NG CÃ™NG GIA ÄÃŒNH Báº¢N Xá»¨ TRONG XÆ¯Æ NG Rá»’NG		Hanoi	False			False	private_room	True	False			4,57 (7)	True	14	2				34796586				None				{'__typename': 'Coordinate', 'latitude': 21.03564, 'longitude': 105.85577}	7	/ Ä‘Ãªm	True			False							True				True	True	True	REGULAR	True	https://www.airbnb.com.vn/rooms/34796586	4	
True		â‚«340.883		None	CÄƒn há»™ áº¥m cÃºng gáº§n Westlake		TÃ¢y Há»“	False			False	private_room	True	True	True		4,88 (8)		18	2				800287643123327341				None				{'__typename': 'Coordinate', 'latitude': 21.052, 'longitude': 105.83813}	8	/ Ä‘Ãªm	True		True	False							True				True		True	REGULAR		https://www.airbnb.com.vn/rooms/800287643123327341	6	True
		None		None	The apartment in Ba Dinh, Hanoi	True	Ba ÄÃ¬nh	False			False	entire_home	True				Má»›i	True	5	4				891617100059755809				None				{'__typename': 'Coordinate', 'latitude': 21.0398, 'longitude': 105.80758}		/ Ä‘Ãªm	True			False														REGULAR		https://www.airbnb.com.vn/rooms/891617100059755809		True
		â‚«458.421		None	[NhÃ  ven sÃ´ng] CÄƒn há»™ 1 phÃ²ng ngá»§ view sÃ´ng thoÃ¡ng mÃ¡t.		Hai BÃ  TrÆ°ng					entire_home	True				4,47 (15)	True	10	3				42551100	True			None			True	{'__typename': 'Coordinate', 'latitude': 21.01831, 'longitude': 105.86414}		/ Ä‘Ãªm	True	True		False				True						True				REGULAR	True	https://www.airbnb.com.vn/rooms/42551100		True
True		â‚«348.026		None	PhÃ²ng ngá»§ thoÃ¡ng mÃ¡t vá»›i ban cÃ´ng lá»›n		LÃ¡ng Háº¡	False			False	private_room	True	True			4,93 (40)	True	7	2				25213197				None				{'__typename': 'Coordinate', 'latitude': 21.01653, 'longitude': 105.81638}	40	/ Ä‘Ãªm	True		True	False							True				True		True	REGULAR	True	https://www.airbnb.com.vn/rooms/25213197	6	
True		â‚«490.706		None	VITAMIN HOME â˜… Cáº£m giÃ¡c nhÆ° á»Ÿ nhÃ  trong phÃ²ng mÃ¹a thu		HoÃ n Kiáº¿m	False			False	private_room	True	False			4,79 (14)	True	30	2				650855434593225502				None				{'__typename': 'Coordinate', 'latitude': 21.02883, 'longitude': 105.84914}	14	/ Ä‘Ãªm	True			False										True	True	True		REGULAR	True	https://www.airbnb.com.vn/rooms/650855434593225502	6	True
True		None		None	-50% /1â€™ Ä‘áº¿n Há»“ HoÃ n Kiáº¿m/5F		HÃ  Ná»™i	False			False	private_room		False			4,69 (111)	True	17	2				20574867		True		None			True	{'__typename': 'Coordinate', 'latitude': 21.03143, 'longitude': 105.84981}	111	/ Ä‘Ãªm	True			False							True			True	True			REGULAR	True	https://www.airbnb.com.vn/rooms/20574867	6	
True		â‚«402.800		None	GEM-Topaz		HoÃ n Kiáº¿m	False			False	private_room	True	False			4,4 (5)		13	3				852001341076676351				None	False			{'__typename': 'Coordinate', 'latitude': 21.0293002, 'longitude': 105.8491782}	5	/ Ä‘Ãªm	True			False				True			True			True			True	REGULAR		https://www.airbnb.com.vn/rooms/852001341076676351	3	True
		â‚«251.627	True	None	8 giÆ°á»ng ngá»§ kÃ½ tÃºc xÃ¡		 Hang Dao Ward				False	hotel_room	True			True	4,43 (7)		13	8				33277319	True			None			True	{'__typename': 'Coordinate', 'latitude': 21.03649, 'longitude': 105.84916}		/ Ä‘Ãªm	True			False			True	True										REGULAR		https://www.airbnb.com.vn/rooms/33277319		
True		None		None	RiÃªng vá»›i 2 giÆ°á»ng | Vá»‹ trÃ­ siÃªu cáº¥p | An toÃ n | SÃ¡ng		HoÃ n Kiáº¿m	False			False	private_room	True	False			4,44 (9)		30	2				846326834181939445				None				{'__typename': 'Coordinate', 'latitude': 21.03267, 'longitude': 105.84907}	9	/ Ä‘Ãªm	True			False				True			True		True	True	True			REGULAR	True	https://www.airbnb.com.vn/rooms/846326834181939445	10	
True		â‚«342.353		None	V 's Home Westlake. NgÃ´i nhÃ  áº¥m cÃºng gáº§n Westlake 401		Yen Phu ward	False			False	private_room	True	True			4,57 (7)	True	19	2				36588277	True			None			True	{'__typename': 'Coordinate', 'latitude': 21.05256, 'longitude': 105.83756}	7	/ Ä‘Ãªm	True			False				True			True				True			REGULAR		https://www.airbnb.com.vn/rooms/36588277	4	
		â‚«381.294		None	Ban cÃ´ng cá»­a sá»• ToÃ n cáº£nh riÃªng Há»“ TrÃºc Báº¡ch						False	private_room	True				4,8 (55)	True	16	3				23268004	True			None			True	{'__typename': 'Coordinate', 'latitude': 21.04653, 'longitude': 105.84143}		/ Ä‘Ãªm	True			False				True			True					True		REGULAR		https://www.airbnb.com.vn/rooms/23268004		True
True		â‚«399.412		None	PhÃ²ng áº¥m cÃºng vÃ  riÃªng tÆ° táº¡i TimesCity ParkHill		Hai BÃ  TrÆ°ng			True		private_room		False			4,4 (5)	True	18	2				802500174647948776		True	True	None				{'__typename': 'Coordinate', 'latitude': 20.9918, 'longitude': 105.8688}	5	/ Ä‘Ãªm	True			False							True			True	True			REGULAR		https://www.airbnb.com.vn/rooms/802500174647948776	3	True
		â‚«350.000		None	DinhThon Studio Apartment	True	Tá»« LiÃªm	False			False	entire_home	True				Má»›i	True	8	2				876509822188179585				None				{'__typename': 'Coordinate', 'latitude': 21.0189403, 'longitude': 105.7768348}		/ Ä‘Ãªm	True			False										True				REGULAR	True	https://www.airbnb.com.vn/rooms/876509822188179585		
		â‚«365.177		None	Khu phá»‘ cá»• Lovelyhome,NhÃ  thá»		HoÃ n Kiáº¿m					entire_home	True				4,21 (29)	True	5	2				797679496311138245		True		None			True	{'__typename': 'Coordinate', 'latitude': 21.03118, 'longitude': 105.85587}		/ Ä‘Ãªm	True			False							True			True		True		REGULAR	True	https://www.airbnb.com.vn/rooms/797679496311138245		True
True		â‚«342.353		None	NÆ¡i bÃ¬nh yÃªn giá»¯a ThÃ nh phá»‘!		ThÃ nh phá»‘ VÄ©nh YÃªn	False			False	private_room	True	False			5,0 (7)	True	6	2				680276298431818683				None				{'__typename': 'Coordinate', 'latitude': 21.3170182, 'longitude': 105.6130974}	7	/ Ä‘Ãªm	True			False							True				True			REGULAR	True	https://www.airbnb.com.vn/rooms/680276298431818683	9	
True		â‚«362.894		None	CÄƒn phÃ²ng tuyá»‡t vá»i trÃªn mÃ¡i nhÃ  Trung tÃ¢m thÃ nh phá»‘ HÃ  Ná»™i	True		False			False	private_room		False			4,81 (16)	True	30	1			True	41015799			True	None				{'__typename': 'Coordinate', 'latitude': 21.02561, 'longitude': 105.8278}	16	/ Ä‘Ãªm	True			False							True				True			REGULAR		https://www.airbnb.com.vn/rooms/41015799	4	True
		None		None	Aqua house 3 * 50m há»“ Guom * khu phá»‘ Cá»”*netflix		HoÃ n Kiáº¿m	False			False	private_room	True				4,17 (23)		6	2				729625493927442011				None				{'__typename': 'Coordinate', 'latitude': 21.03144, 'longitude': 105.85}		/ Ä‘Ãªm	True			False				True			True			True			True	REGULAR	True	https://www.airbnb.com.vn/rooms/729625493927442011		True
		â‚«433.647		None	Ban cÃ´ng Sunside Studio áº¥m cÃºng	True	TÃ¢y Há»“	False			False	private_room					None	True	13	2				791493165885230507				None			True	{'__typename': 'Coordinate', 'latitude': 21.07974, 'longitude': 105.81953}		/ Ä‘Ãªm	True			False							True			True				REGULAR	True	https://www.airbnb.com.vn/rooms/791493165885230507		True
		â‚«435.000		None	GIÃ Tá»T NHáº¤T | CÄ‚N Há»˜ áº¤M CÃšNG | TRÃI TIM HÃ€ Ná»˜I		HoÃ n Kiáº¿m	False			False	entire_home	True				4,92 (13)	True	22	2				29886860				None				{'__typename': 'Coordinate', 'latitude': 21.02278, 'longitude': 105.85805}		/ Ä‘Ãªm	True	True		False				True					True	True				REGULAR		https://www.airbnb.com.vn/rooms/29886860		True
		â‚«462.177		None	ChÃ o má»«ng Ba Vi Bungalow yÃªn bÃ¬nh - LB B4		Kim MÃ£	False		True	False	private_room					None	True	18	2				666309265194580487		True		None				{'__typename': 'Coordinate', 'latitude': 21.02365444427904, 'longitude': 105.5821264866233}		/ Ä‘Ãªm	True			False		True					True			True				REGULAR		https://www.airbnb.com.vn/rooms/666309265194580487		True
		â‚«481.880		None	H223 1bed Apt* Free laundry, clearning*Gym*lotte						False	entire_home	True				4,93 (56)	True	17	2				35810046				None				{'__typename': 'Coordinate', 'latitude': 21.03263, 'longitude': 105.80711}		/ Ä‘Ãªm	True		True	False					True		True			True			True	REGULAR	True	https://www.airbnb.com.vn/rooms/35810046		
		None		None	[FLASHSALE]Local central loft@HanoiBuiHomestay	True	HÃ  Ná»™i	False			False	entire_home	True				4,86 (28)	True	27	5				43519626				None				{'__typename': 'Coordinate', 'latitude': 21.02954, 'longitude': 105.81436}		/ Ä‘Ãªm	True			False				True						True				REGULAR	True	https://www.airbnb.com.vn/rooms/43519626		True
		â‚«459.859		None	NhÃ  Ä‘áº­u phá»¥ - Poppy Flat cÃ³ báº¿p (+THANG mÃ¡y)		Hanoi					entire_home	True				4,81 (122)	True	30	2				18712600			True	None				{'__typename': 'Coordinate', 'latitude': 21.02447, 'longitude': 105.80433}		/ Ä‘Ãªm	True			False					True		True			True		True	True	REGULAR	True	https://www.airbnb.com.vn/rooms/18712600		
True		â‚«326.377		None	CÄƒn Há»™ Nhá» Xinh Gáº§n ÄH BÃ¡ch Khoa	True	Hai BÃ  TrÆ°ng	False			False	private_room	True	False			5,0 (3)	True	11	1				842373597350886381				None	False			{'__typename': 'Coordinate', 'latitude': 21.00393, 'longitude': 105.84725}	3	/ Ä‘Ãªm	True			False							True							REGULAR	True	https://www.airbnb.com.vn/rooms/842373597350886381	3	
True		None		None	(II) Studio áº¥m cÃºng/HÃ  Ná»™iHearts/		Ba ÄÃ¬nh	False			False	private_room	True	False			Má»›i	True	30	2				864463789203708916	True			None	False			{'__typename': 'Coordinate', 'latitude': 21.04305, 'longitude': 105.84366}	1	/ Ä‘Ãªm	True			False							True			True				REGULAR		https://www.airbnb.com.vn/rooms/864463789203708916	10	True
		â‚«379.441		None	3 studio near WestLake and Lotte BaDinh	True	Ba ÄÃ¬nh	False			False	private_room					Má»›i	True	8	2				844817886726901754		True		None				{'__typename': 'Coordinate', 'latitude': 21.033092023426853, 'longitude': 105.81121545284986}		/ Ä‘Ãªm	True		True	False							True			True				REGULAR		https://www.airbnb.com.vn/rooms/844817886726901754		True
		â‚«485.164		None	HÃ  Ná»™i Cosy Homestay, phÃ²ng Hoa há»“ng		Hanoi	False			False	entire_home	True				4,53 (51)	True	30	2				13534943				None				{'__typename': 'Coordinate', 'latitude': 21.03268, 'longitude': 105.80939}		/ Ä‘Ãªm	True		True	False							True			True			True	REGULAR	True	https://www.airbnb.com.vn/rooms/13534943		
		â‚«455.090		None	âœ¨Trung tÃ¢m OLDTownâ—ï¸ PHÃ’NG RIÃŠNG miniâ— ï¸Phá»‘ biaâ¤ ï¸		HoÃ n Kiáº¿m					private_room	True			True	4,57 (74)		19	2				39449319	True			None			True	{'__typename': 'Coordinate', 'latitude': 21.03382, 'longitude': 105.85302}		/ Ä‘Ãªm	True	True		False				True			True			True				REGULAR		https://www.airbnb.com.vn/rooms/39449319		
True		â‚«482.683		None	TRAAM Viá»‡t Tea Inn - PhÃ²ng Deluxe	True	TÃ¢y Há»“					private_room	True	True			5,0 (7)		27	2				42236398		True	True	None			True	{'__typename': 'Coordinate', 'latitude': 21.06339, 'longitude': 105.8314}	7	/ Ä‘Ãªm	True			False							True			True	True			REGULAR		https://www.airbnb.com.vn/rooms/42236398	4	True
True		â‚«365.177		None	SÃ´ng Há»“ng cá»§a V. NhÃ  cá»• Ä‘iá»ƒn gáº§n trung tÃ¢m 301	True	Bá»“ Äá»	False			False	private_room	True	True			5,0 (3)	True	13	2	True			752475108710750852				None				{'__typename': 'Coordinate', 'latitude': 21.03584, 'longitude': 105.86925}	3	/ Ä‘Ãªm	True			False							True				True			REGULAR	True	https://www.airbnb.com.vn/rooms/752475108710750852	4	
		â‚«441.600		None	Lovelycondo in Ho Guom,Ta Hien,Cathedral,Mausoleum		HoÃ n Kiáº¿m					private_room	True				4,44 (34)	True	10	2			True	713955733425948869		True	True	None			True	{'__typename': 'Coordinate', 'latitude': 21.030949, 'longitude': 105.850153}		/ Ä‘Ãªm	True			False							True							REGULAR	True	https://www.airbnb.com.vn/rooms/713955733425948869		True
True		â‚«405.059	True	None	PhÃ²ng RiÃªng Trung tÃ¢m HÃ  Ná»™i nhÃ¬n ra thÃ nh phá»‘	True	HoÃ n Kiáº¿m					private_room	True	True			5,0 (9)	True	8	2				797530386252866819				None		True		{'__typename': 'Coordinate', 'latitude': 21.0279604, 'longitude': 105.8436866}	9	/ Ä‘Ãªm	True			False				True							True			REGULAR	True	https://www.airbnb.com.vn/rooms/797530386252866819	4	True
		â‚«433.347		None	NgÃ´i nhÃ  áº¥m cÃºng, Trung tÃ¢m TÃ¢y Há»“, Gáº§n Há»“.	True	Quáº£ng An	False			False	entire_home	True				4,5 (6)	True	14	2				767734500890791044				None				{'__typename': 'Coordinate', 'latitude': 21.06674, 'longitude': 105.82421}		/ Ä‘Ãªm	True			False										True				REGULAR		https://www.airbnb.com.vn/rooms/767734500890791044		
		â‚«365.177		None	Kiwi Sweet Studio (PhÃ²ng 401)		HoÃ ng Mai				False	entire_home	True				4,71 (14)	True	22	2				39633737	True			None				{'__typename': 'Coordinate', 'latitude': 20.99536, 'longitude': 105.87978}		/ Ä‘Ãªm	True			False				True			True			True		True		REGULAR	True	https://www.airbnb.com.vn/rooms/39633737		
		None		None	the pillar service apartment	True	Tá»« LiÃªm	False			False	entire_home					Má»›i	True	5	2				888637410929759538		True		None				{'__typename': 'Coordinate', 'latitude': 21.01842, 'longitude': 105.77775}		/ Ä‘Ãªm	True			False							True			True				REGULAR	True	https://www.airbnb.com.vn/rooms/888637410929759538		True
		None		None	# SALE # CÄƒn há»™ cao cáº¥p 1BR # 5* S2 Vinhomes OceanPark		Äa Tá»‘n			True		entire_home					4,39 (23)	True	23	4		True		674605991282895727				None				{'__typename': 'Coordinate', 'latitude': 20.9911, 'longitude': 105.94149}		/ Ä‘Ãªm	True		True	False					True		True			True				REGULAR	True	https://www.airbnb.com.vn/rooms/674605991282895727		True
		â‚«360.000		None	CÄƒn há»™ cho thuÃª táº¡i MyDinh	True	Tá»« LiÃªm	False			False	entire_home	True				None	True	7	2				825829918200290669				None				{'__typename': 'Coordinate', 'latitude': 21.0189403, 'longitude': 105.7768348}		/ Ä‘Ãªm	True			False										True				REGULAR	True	https://www.airbnb.com.vn/rooms/825829918200290669		True
		None		None	NhÃ  tre, cÃ¡ch Khu phá»‘ cá»• vÃ  Há»“ HoÃ n Kiáº¿m		HoÃ n Kiáº¿m	False			False	entire_home	True				4,82 (11)	True	17	4				46286227			True	None				{'__typename': 'Coordinate', 'latitude': 21.02643394470215, 'longitude': 105.85836791992188}		/ Ä‘Ãªm	True			False							True					True		REGULAR	True	https://www.airbnb.com.vn/rooms/46286227		True
True		â‚«289.859		None	CÄƒn Há»™ Nhá» Xinh Gáº§n CV Tuá»•i Tráº»	True	Hai BÃ  TrÆ°ng	False			False	private_room	True	False			Má»›i	True	8	1				878513445516279762				None	False		True	{'__typename': 'Coordinate', 'latitude': 21.007548799405882, 'longitude': 105.85972253233194}	2	/ Ä‘Ãªm	True			False														REGULAR	True	https://www.airbnb.com.vn/rooms/878513445516279762	3	True
		â‚«472.773		None	Aqua house 4* 50m Ä‘áº¿n há»“ Guom * khu phá»‘ Cá»”*netflix		HoÃ n Kiáº¿m	False			False	private_room	True				4,65 (34)		8	2				738126376174994928				None				{'__typename': 'Coordinate', 'latitude': 21.03145, 'longitude': 105.85002}		/ Ä‘Ãªm	True			False				True						True			True	REGULAR	True	https://www.airbnb.com.vn/rooms/738126376174994928		True
		None		None	Spacious bedroom in Old Quarter!		HoÃ n Kiáº¿m					private_room	True				Má»›i	True	30	2				891528326246386997			True	None				{'__typename': 'Coordinate', 'latitude': 21.039777485196847, 'longitude': 105.84786717127228}		/ Ä‘Ãªm	True			False							True			True		True	True	REGULAR	True	https://www.airbnb.com.vn/rooms/891528326246386997		True
True		â‚«321.237		None	The Strawberry house 1A		Ba ÄÃ¬nh	False			False	private_room	True	True			5,0 (8)	True	23	2				783198535105922177				None				{'__typename': 'Coordinate', 'latitude': 21.036957483531438, 'longitude': 105.82483576454331}	8	/ Ä‘Ãªm	True			False							True			True	True			REGULAR	True	https://www.airbnb.com.vn/rooms/783198535105922177	4	True
		â‚«488.424		None	CÄƒn phÃ²ng studio cao cáº¥p Quáº­n Ba ÄÃ¬nh	True	Ba ÄÃ¬nh	False			False	private_room	True				4,8 (20)	True	6	2				777936280045264869				None				{'__typename': 'Coordinate', 'latitude': 21.04145, 'longitude': 105.84046}		/ Ä‘Ãªm	True	True		False				True	True					True				REGULAR		https://www.airbnb.com.vn/rooms/777936280045264869		
True		â‚«490.706		None	VITAMIN HOME â˜… Pinky & phÃ²ng thÆ° giÃ£n táº¡i HoÃ n Kiáº¿m		HoÃ n Kiáº¿m	False			False	private_room		False			5,0 (5)	True	30	2				650359487236030333		True		None				{'__typename': 'Coordinate', 'latitude': 21.02833, 'longitude': 105.84741}	5	/ Ä‘Ãªm	True			False							True			True	True			REGULAR	True	https://www.airbnb.com.vn/rooms/650359487236030333	6	True
True		â‚«455.330		None	LÃ¢u Ä‘Ã i trÃªn mÃ¢y - phÃ²ng riÃªng trong cÄƒn há»™ chung.		PhÃº Diá»…n			True	False	private_room		True			4,75 (28)	True	17	2			True	24114959				None			True	{'__typename': 'Coordinate', 'latitude': 21.04338, 'longitude': 105.76689}	28	/ Ä‘Ãªm	True			False					True			True			True			REGULAR		https://www.airbnb.com.vn/rooms/24114959	5	True
True		â‚«267.706		None	Ráº» vÃ  an toÃ n cho thuÃª		Hanoi	False			False	private_room		False			4,47 (55)	True	11	2				15889901			True	None			True	{'__typename': 'Coordinate', 'latitude': 21.01171, 'longitude': 105.84003}	55	/ Ä‘Ãªm	True			False							True			True	True			REGULAR		https://www.airbnb.com.vn/rooms/15889901	7	True
True		â‚«262.330		None	Chá»— á»Ÿ trong khÃ´ng khÃ­ trong lÃ nh cho thuÃª		Hanoi (Ha Noi)	False			False	private_room		False			4,42 (38)	True	11	2				16417995			True	None			True	{'__typename': 'Coordinate', 'latitude': 21.01406, 'longitude': 105.83941}	38	/ Ä‘Ãªm	True			False							True				True			REGULAR		https://www.airbnb.com.vn/rooms/16417995	7	True
True		â‚«401.559	True	None	Kimhanoi Homestay 5		TÃ¢y Há»“	False			False	private_room	True	True			4,63 (8)		19	2				655633424964749959				None	False			{'__typename': 'Coordinate', 'latitude': 21.05408, 'longitude': 105.8376}	8	/ Ä‘Ãªm	True			False							True							REGULAR		https://www.airbnb.com.vn/rooms/655633424964749959	6	True
True		â‚«459.294		None	Biá»‡t thá»± 1 phÃ²ng ngá»§ xinh xáº¯n, cÃ³ chá»— Ä‘á»— xe miá»…n phÃ­		Hanoi	False			False	private_room		False			5,0 (3)	True	13	2				742258836801939836				None	False			{'__typename': 'Coordinate', 'latitude': 21.155035113916878, 'longitude': 105.86084608658702}	3	/ Ä‘Ãªm	True			False							True			True			True	REGULAR	True	https://www.airbnb.com.vn/rooms/742258836801939836	5	True
		None		None	Aqua House 1* 50m Ä‘áº¿n há»“ Guom * khu phá»‘ Cá»”		HoÃ n Kiáº¿m	False			False	private_room	True				4,4 (25)		6	2				727978228198297176				None				{'__typename': 'Coordinate', 'latitude': 21.03142, 'longitude': 105.85008}		/ Ä‘Ãªm	True	True		False				True			True						True	REGULAR	True	https://www.airbnb.com.vn/rooms/727978228198297176		True
		â‚«420.356		None	TÃ¢y Há»“ Studio! NgÃ´i nhÃ  áº¥m cÃºng! Gáº§n Há»“.		Quáº£ng An	False			False	entire_home	True				4,8 (10)		30	2				784638738240140393				None				{'__typename': 'Coordinate', 'latitude': 21.06647260036268, 'longitude': 105.82533603933919}		/ Ä‘Ãªm	True			False				True			True			True				REGULAR	True	https://www.airbnb.com.vn/rooms/784638738240140393		True
True		â‚«342.353		None	The law house_double room		Hai BÃ  TrÆ°ng	False			False	private_room	True	False			5,0 (4)	True	29	1				39023764				None	False			{'__typename': 'Coordinate', 'latitude': 21.00266, 'longitude': 105.85906}	4	/ Ä‘Ãªm	True			False							True			True				REGULAR	True	https://www.airbnb.com.vn/rooms/39023764	4	True
		None		None	NhÃ  Ä‘áº­u phá»¥ - Emerald Flat cÃ³ báº¿p (+THANG mÃ¡y)		Äá»‘ng Äa					hotel_room	True				4,88 (26)	True	30	2				37761804		True		None				{'__typename': 'Coordinate', 'latitude': 21.02356, 'longitude': 105.80477}		/ Ä‘Ãªm	True			False					True		True			True		True	True	REGULAR	True	https://www.airbnb.com.vn/rooms/37761804		
		None		None	Lica's Home	True	TÃ¢y Há»“	False			False	entire_home					Má»›i	True	12	3				882142504816250689				None			True	{'__typename': 'Coordinate', 'latitude': 21.04754, 'longitude': 105.8095}		/ Ä‘Ãªm	True			False					True		True			True				REGULAR	True	https://www.airbnb.com.vn/rooms/882142504816250689		
		â‚«479.294		None	cozy room, heart in westlake		TÃ¢y Há»“	False			False	private_room	True				Má»›i		16	2				691767114617574425				None				{'__typename': 'Coordinate', 'latitude': 21.0601, 'longitude': 105.83381}		/ Ä‘Ãªm	True			False							True			True				REGULAR	True	https://www.airbnb.com.vn/rooms/691767114617574425		True
		â‚«459.859		None	NhÃ  Ä‘áº­u phá»¥ - Daisy Flat cÃ³ báº¿p (+THANG mÃ¡y)		Hanoi					hotel_room	True				4,7 (114)	True	30	2				20608904			True	None				{'__typename': 'Coordinate', 'latitude': 21.02446, 'longitude': 105.80373}		/ Ä‘Ãªm	True			False					True		True			True		True	True	REGULAR	True	https://www.airbnb.com.vn/rooms/20608904		
		None		None	Ami Central Hotel Hanoi	True	HoÃ n Kiáº¿m	False			False	private_room	True				Má»›i		24	2				876518698733716325				None				{'__typename': 'Coordinate', 'latitude': 21.03822725190497, 'longitude': 105.84700483828783}		/ Ä‘Ãªm	True		True	False							True			True				REGULAR		https://www.airbnb.com.vn/rooms/876518698733716325		True
		â‚«354.336		None	NhÃ  NhÆ° Ngá»c- tiá»‡n lá»£i, an toÃ n	True	Äá»‘ng Äa				False	entire_home					None	True	11	2				822920715228021835		True	True	None				{'__typename': 'Coordinate', 'latitude': 21.0117003, 'longitude': 105.8155815}		/ Ä‘Ãªm	True			False					True		True			True				REGULAR		https://www.airbnb.com.vn/rooms/822920715228021835		True
		None		None	TrÃ¡i tim cá»§a khu phá»‘ cá»• vá»›i mÃ¡y chiáº¿u, táº§m nhÃ¬n Ä‘Ã¡ng yÃªu	True	HoÃ n Kiáº¿m	False			False	entire_home					4,42 (24)	True	16	2				613431475800553165			True	None				{'__typename': 'Coordinate', 'latitude': 21.036753, 'longitude': 105.852882}		/ Ä‘Ãªm	True			False							True			True			True	REGULAR		https://www.airbnb.com.vn/rooms/613431475800553165		True
	True	None		None	Su Casa: NhÃ  riÃªng áº¥m cÃºng, Háº»m trung tÃ¢m		HoÃ n Kiáº¿m	False			False	entire_home	True				4,5 (4)	True	20	2				42318761				None				{'__typename': 'Coordinate', 'latitude': 21.02716827392578, 'longitude': 105.84388732910156}		/ Ä‘Ãªm	True			False				True			True			True				REGULAR		https://www.airbnb.com.vn/rooms/42318761		True
True		â‚«427.741		None	PhÃ²ng Ã¡nh sÃ¡ng máº·t trá»i gáº§n NhÃ  hÃ¡t Lá»›n	True	Hoan Kiem district				False	private_room	True	False			4,55 (11)	True	21	2				628478416887162501				None				{'__typename': 'Coordinate', 'latitude': 21.021695, 'longitude': 105.85979}	11	/ Ä‘Ãªm	True			False							True			True	True			REGULAR	True	https://www.airbnb.com.vn/rooms/628478416887162501	9	True
		â‚«410.687		None	NhÃ  tÃ´i cÃ³ bá»‘n phÃ²ng sáº¡ch sáº½, yÃªn tÄ©nh. R2	True	Ngá»c HÃ 	False			False	entire_home					4,92 (12)	True	20	3				41022125				None			True	{'__typename': 'Coordinate', 'latitude': 21.03746, 'longitude': 105.82837}		/ Ä‘Ãªm	True			False					True		True			True				REGULAR		https://www.airbnb.com.vn/rooms/41022125		True
True		â‚«386.859		None	CÄƒn Há»™ Tiá»‡n Nghi Gáº§n CV Cáº§u Giáº¥y	True	Cáº§u Giáº¥y	False			False	private_room	True	False			None	True	10	1				821678601683410888				None				{'__typename': 'Coordinate', 'latitude': 21.03032, 'longitude': 105.7969}	1	/ Ä‘Ãªm	True			False										True	True			REGULAR	True	https://www.airbnb.com.vn/rooms/821678601683410888	3	True
		â‚«347.703		None	NhÃ  cá»§a tÃ´i, vÃ  cá»§a báº¡n cÅ©ng váº­y		Hai BÃ  TrÆ°ng	False			False	entire_home	True				4,33 (6)	True	19	2				32553010				None				{'__typename': 'Coordinate', 'latitude': 21.00125, 'longitude': 105.85996}		/ Ä‘Ãªm	True			False	True			True								True		REGULAR	True	https://www.airbnb.com.vn/rooms/32553010		True
True		â‚«428.301		None	Quyet Homestay #6 (Mekong Delta Studio)		Ba ÄÃ¬nh	False			False	private_room	True	True			4,94 (17)	True	22	3				35044198				None				{'__typename': 'Coordinate', 'latitude': 21.03651, 'longitude': 105.82397}	17	/ Ä‘Ãªm	True			False							True			True	True			REGULAR	True	https://www.airbnb.com.vn/rooms/35044198	6	True
True		â‚«401.559		None	SunFlower homestay, LÃ n Ä‘Æ°á»ng yÃªn tÄ©nh,Gáº§n khu phá»‘ cá»•(2)		Ba ÄÃ¬nh	False			False	private_room	True	True			4,78 (90)	True	14	2				30390106				None				{'__typename': 'Coordinate', 'latitude': 21.0424, 'longitude': 105.84326}	90	/ Ä‘Ãªm	True			False				True			True				True		True	REGULAR	True	https://www.airbnb.com.vn/rooms/30390106	4	
		â‚«361.694		None	Chill Studio close Ho Tay water park 2.2		Nháº­t TÃ¢n	False			False	entire_home	True				5,0 (3)	True	23	2				43939550		True		None				{'__typename': 'Coordinate', 'latitude': 21.07828, 'longitude': 105.81689}		/ Ä‘Ãªm	True			False							True			True				REGULAR	True	https://www.airbnb.com.vn/rooms/43939550		True
True		â‚«320.065		None	Sá»‘ng cÃ¹ng gia Ä‘Ã¬nh báº£n xá»© ngá»t ngÃ o á»Ÿ NghÄ©a TÃ¢n		NghÄ©a TÃ¢n	False			False	private_room		True			4,81 (16)	True	14	1				22440323		True		None	False			{'__typename': 'Coordinate', 'latitude': 21.04395, 'longitude': 105.7908}	16	/ Ä‘Ãªm	True			False										True			True	REGULAR	True	https://www.airbnb.com.vn/rooms/22440323	5	True
		None		None	Studio riÃªng Ä‘Ã¡ng yÃªu cho 2 ngÆ°á»i á»Ÿ trung tÃ¢m HÃ  Ná»™i	True	HÃ ng BÃ i	False			False	entire_home					4,68 (25)	True	6	2	True			635328574774591357				None				{'__typename': 'Coordinate', 'latitude': 21.02424, 'longitude': 105.85288}		/ Ä‘Ãªm	True			False					True		True			True				REGULAR		https://www.airbnb.com.vn/rooms/635328574774591357		True
		None		None	Studio á»Ÿ Äá»‘ng Äa vá»‹ trÃ­ tuyá»‡t vá»i	True	Äá»‘ng Äa				False	entire_home	True				Má»›i	True	25	2				843925302043991305				None				{'__typename': 'Coordinate', 'latitude': 21.0230565, 'longitude': 105.8076453}		/ Ä‘Ãªm	True			False					True					True			True	REGULAR	True	https://www.airbnb.com.vn/rooms/843925302043991305		True
True		None		None	20m2 nice room to live	True	HÃ  ÄÃ´ng	False			False	private_room	True	False			Má»›i	True	6	3				872238611394717714				None	False			{'__typename': 'Coordinate', 'latitude': 20.97481, 'longitude': 105.78643}		/ Ä‘Ãªm				False														REGULAR		https://www.airbnb.com.vn/rooms/872238611394717714		True
		None		None	Cozy room close to the center but quiet		Ba ÄÃ¬nh	False			False	private_room	True				5,0 (4)	True	25	2				759894198636603523		True		None				{'__typename': 'Coordinate', 'latitude': 21.0473528, 'longitude': 105.8079001}		/ Ä‘Ãªm				False							True			True		True		REGULAR	True	https://www.airbnb.com.vn/rooms/759894198636603523		True
		â‚«404.843		None	[NhÃ  ven sÃ´ng] CÄƒn há»™ 1 phÃ²ng ngá»§ 45m2 thoáº£i mÃ¡i		Hai BÃ  TrÆ°ng					entire_home	True				4,5 (16)	True	7	3				43903830	True			None				{'__typename': 'Coordinate', 'latitude': 21.01821, 'longitude': 105.86283}		/ Ä‘Ãªm	True	True		False				True			True		True	True				REGULAR	True	https://www.airbnb.com.vn/rooms/43903830		
		â‚«137.885		None	KhÃ¡ch sáº¡n giÃ¡ ráº» HÃ  Ná»™i EcoStay 1 - NhÃ  trá» táº­p thá»ƒ há»—n há»£p	True	HoÃ n Kiáº¿m	False			False	shared_room	True				None		7	12				655504270627616890	True			None				{'__typename': 'Coordinate', 'latitude': 21.00068, 'longitude': 105.80866}		/ Ä‘Ãªm	True			False	True						True						True	REGULAR		https://www.airbnb.com.vn/rooms/655504270627616890		True
False		â‚«479.294		None	BUZZ Home 2â¤ï¸ PhÃ²ng táº¯m riÃªng â˜…YÃªn tÄ©nh â˜…Trung tÃ¢m		HoÃ n Kiáº¿m	False			False	private_room	True	False			4,04 (25)	True	19	2				41096760				None				{'__typename': 'Coordinate', 'latitude': 21.0238, 'longitude': 105.84833}	25	/ Ä‘Ãªm	True	True		False				True			True				True			REGULAR	True	https://www.airbnb.com.vn/rooms/41096760	4	
		â‚«465.600		None	Spacious studio in Tay Ho		TÃ¢y Há»“	False			False	entire_home	True				Má»›i	True	6	2				888143552690559219				None				{'__typename': 'Coordinate', 'latitude': 21.07809, 'longitude': 105.81581}		/ Ä‘Ãªm	True			False										True				REGULAR	True	https://www.airbnb.com.vn/rooms/888143552690559219		
		â‚«471.745		None	GÃ¡c mÃ¡i riÃªng cÃ³ táº§ng lá»­ng & sofabed@HanoiBui 'sSá»‘ng cÃ¹ng gia Ä‘Ã¬nh báº£n xá»©	True	HÃ  Ná»™i	False			False	entire_home	True				4,94 (32)	True	30	4				35640229				None				{'__typename': 'Coordinate', 'latitude': 21.03207, 'longitude': 105.82292}		/ Ä‘Ãªm	True			False										True		True		REGULAR	True	https://www.airbnb.com.vn/rooms/35640229		True
True		â‚«404.118	True	None	PhÃ²ng HÃ  Ná»™iCenter vá»›i quang cáº£nh thÃ nh phá»‘	True	HoÃ n Kiáº¿m					private_room	True	True			4,8 (5)	True	11	2				858625151501796573				None		True		{'__typename': 'Coordinate', 'latitude': 21.02844, 'longitude': 105.84313}	5	/ Ä‘Ãªm	True			False				True							True			REGULAR	True	https://www.airbnb.com.vn/rooms/858625151501796573	4	True
True		None		None	ThoÃ¡ng Ä‘Ã£ng, yÃªn tÄ©nh & áº¥m cÃºng!	True	Báº¯c Tá»« LiÃªm	False			False	private_room		False			Má»›i	True	7	3				872173599850248937				None			True	{'__typename': 'Coordinate', 'latitude': 21.06049, 'longitude': 105.7982}		/ Ä‘Ãªm	True			False										True	True			REGULAR	True	https://www.airbnb.com.vn/rooms/872173599850248937		True
True		â‚«285.294		None	di tÃ­ch lá»‹ch sá»­ vÄƒn hÃ³a		Äá»‘ng Äa	False			False	private_room	True	True			4,93 (14)		3	1				42682438	True			None				{'__typename': 'Coordinate', 'latitude': 21.02615, 'longitude': 105.83329}	14	/ Ä‘Ãªm	True			False				True	True					True	True			REGULAR		https://www.airbnb.com.vn/rooms/42682438	3	True
True		â‚«383.435		None	CÄƒn há»™ áº¥m Ã¡p gáº§n trÆ°á»ng Ä‘ua F1-301	True	Tá»« LiÃªm				False	private_room		False			None	True	17	2	True			817702840748180367			True	None				{'__typename': 'Coordinate', 'latitude': 21.01930603602069, 'longitude': 105.77483111317761}		/ Ä‘Ãªm	True			False					True		True				True			REGULAR		https://www.airbnb.com.vn/rooms/817702840748180367		True
True		â‚«401.559		None	SiÃªu lá»›n 400m2, yÃªn bÃ¬nh, hiá»‡n Ä‘áº¡i, nhÃ  hoa		Háº£i Bá»‘i	False			False	private_room		False			None	True	24	2				796104528458152760		True		None			True	{'__typename': 'Coordinate', 'latitude': 21.11025, 'longitude': 105.79112}	2	/ Ä‘Ãªm	True			False							True			True	True			REGULAR		https://www.airbnb.com.vn/rooms/796104528458152760	4	True
True		â‚«327.995		None	ğŸŒ³CentralOldTown-FoodStreetğŸŒŸOMoHouseğŸ’•Selfcheck247	True	HoÃ n Kiáº¿m	False			False	private_room	True	False			4,31 (13)		14	2				673791143922930560	True	True		None				{'__typename': 'Coordinate', 'latitude': 21.03581, 'longitude': 105.85164}	13	/ Ä‘Ãªm	True			False							True				True			REGULAR		https://www.airbnb.com.vn/rooms/673791143922930560	6	True
True		â‚«469.118		None	#22 PHÃ’NG RIÃŠNG áº¤M CÃšNG CÃCHï¸ Há»’ HOÃ€N KIáº¾Mâ¤ï¸ 2 PHÃšT		HoÃ n Kiáº¿m	False			False	private_room	True	False			None	True	30	2				40554422				None				{'__typename': 'Coordinate', 'latitude': 21.03358, 'longitude': 105.8543}	1	/ Ä‘Ãªm	True			False				True							True			REGULAR		https://www.airbnb.com.vn/rooms/40554422	5	
		â‚«486.478		None	ToÃ n cáº£nh táº§ng thÆ°á»£ng*Khu phá»‘ cá»•*Thang mÃ¡y vÃ  giáº·t		HÃ  Ná»™i	False			False	entire_home	True				4,66 (29)	True	19	2				43152213				None				{'__typename': 'Coordinate', 'latitude': 21.0324, 'longitude': 105.84716}		/ Ä‘Ãªm	True			False				True	True		True			True				REGULAR	True	https://www.airbnb.com.vn/rooms/43152213		
		None		None	KhÃ¡ch sáº¡n giÃ¡ ráº» HÃ  Ná»™i EcoStay 2 - NhÃ  trá» táº­p thá»ƒ há»—n há»£p 5	True	HoÃ n Kiáº¿m				False	shared_room	True				None	True	11	12				656259025007316261	True			None				{'__typename': 'Coordinate', 'latitude': 21.03449, 'longitude': 105.85324}		/ Ä‘Ãªm	True	True		False				True						True				REGULAR		https://www.airbnb.com.vn/rooms/656259025007316261		True
True		â‚«342.353		None	NhÃ  cá»§a Tiffany		BÆ°á»Ÿi	False			False	private_room	True	False		True	4,93 (29)	True	21	2				21181837				None				{'__typename': 'Coordinate', 'latitude': 21.04038, 'longitude': 105.81939}	29	/ Ä‘Ãªm	True			False				True							True			REGULAR	True	https://www.airbnb.com.vn/rooms/21181837	6	
True		â‚«401.559		None	Kim Hanoi Homestay 3		YÃªn Phá»¥	False			False	private_room		True			4,81 (16)	True	23	2				20396864				None				{'__typename': 'Coordinate', 'latitude': 21.05496, 'longitude': 105.83629}	16	/ Ä‘Ãªm	True		True	False							True				True		True	REGULAR	True	https://www.airbnb.com.vn/rooms/20396864	6	True
True		None		None	AimeeHouse-Elevator-Netflix-Private for couples		Ba ÄÃ¬nh	False			False	private_room	True	False			Má»›i		15	2				885874241347852040				None				{'__typename': 'Coordinate', 'latitude': 21.04462, 'longitude': 105.84473}	1	/ Ä‘Ãªm	True			False							True			True	True		True	REGULAR	True	https://www.airbnb.com.vn/rooms/885874241347852040	4	True
True		None		None	CÄƒn há»™ gá»n gÃ ng vÃ  Ä‘Æ¡n giáº£n #5		Cá»­a ÄÃ´ng				False	private_room		True			4,88 (42)	True	10	2				5613635		True		None				{'__typename': 'Coordinate', 'latitude': 21.03181, 'longitude': 105.84595}	42	/ Ä‘Ãªm	True		True	False							True			True	True		True	REGULAR	True	https://www.airbnb.com.vn/rooms/5613635	8	
		â‚«284.024		None	Omo house-Old quater-Attic room	True	HoÃ n Kiáº¿m	False			False	private_room	True				4,0 (3)		8	2				816315515597393921	True	True		None				{'__typename': 'Coordinate', 'latitude': 21.0361351, 'longitude': 105.8526669}		/ Ä‘Ãªm	True			False				True			True							REGULAR		https://www.airbnb.com.vn/rooms/816315515597393921		True
		None		None	KhÃ¡ch sáº¡n giÃ¡ ráº» HÃ  Ná»™i EcoStay 2 - NhÃ  trá» táº­p thá»ƒ há»—n há»£p 2	True	HoÃ n Kiáº¿m	False			False	shared_room	True				None	True	16	10				656068383044424258				None				{'__typename': 'Coordinate', 'latitude': 21.03512, 'longitude': 105.85224}		/ Ä‘Ãªm	True	True		False										True		True		REGULAR		https://www.airbnb.com.vn/rooms/656068383044424258		True
		None		None	Chung cÆ°, 50m2, cÃ³ ban cÃ´ng	True	Tá»« LiÃªm	False			False	private_room	True				Má»›i	True	7	1				869241284792231131				None				{'__typename': 'Coordinate', 'latitude': 21.01974, 'longitude': 105.77758}		/ Ä‘Ãªm	True			False							True			True				REGULAR	True	https://www.airbnb.com.vn/rooms/869241284792231131		
		â‚«479.294		None	TV Netflix gáº§n há»“ Ä‘á»‘i diá»‡n Ä‘áº¡i sá»© quÃ¡n Aus Ba ÄÃ¬nh		Ba ÄÃ¬nh					entire_home	True				5,0 (6)	True	28	2				41274968				None			True	{'__typename': 'Coordinate', 'latitude': 21.03235, 'longitude': 105.8119}		/ Ä‘Ãªm	True			False				True		True				True			True	REGULAR	True	https://www.airbnb.com.vn/rooms/41274968		
True		â‚«405.059	True	None	CÄƒn há»™ HÃ  Ná»™iCenter táº¡i Cá»­a Nam vá»›i táº§m nhÃ¬n ra thÃ nh phá»‘	True	HoÃ n Kiáº¿m					private_room	True	True			4,83 (6)	True	10	2				791123435378060217				None		True		{'__typename': 'Coordinate', 'latitude': 21.02823, 'longitude': 105.84399}	6	/ Ä‘Ãªm	True			False				True							True			REGULAR	True	https://www.airbnb.com.vn/rooms/791123435378060217	4	True
		None		None	Tuna Homestay		TÃ¢y Há»“					shared_room					5,0 (4)	True	18	16	True	True		41648961		True		None				{'__typename': 'Coordinate', 'latitude': 21.0601, 'longitude': 105.80891}		/ Ä‘Ãªm	True		True	False							True			True				REGULAR	True	https://www.airbnb.com.vn/rooms/41648961		True
		None	True	None	Annam/BudgetStudio/1 phÃ²ng ngá»§/HoÃ n Kiáº¿m/Nice&Quiet		HoÃ n Kiáº¿m	False			False	entire_home	True				4,67 (6)	True	11	2				45678169			True	None				{'__typename': 'Coordinate', 'latitude': 21.01814, 'longitude': 105.8545}		/ Ä‘Ãªm	True			False							True					True		REGULAR		https://www.airbnb.com.vn/rooms/45678169		
True		â‚«380.728		None	Biá»‡t thá»± gia Ä‘Ã¬nh HÃ  Ná»™i 2		Hanoi	False			False	private_room		True			4,75 (24)	True	9	2				13303070		True		None				{'__typename': 'Coordinate', 'latitude': 21.00204, 'longitude': 105.84404}	24	/ Ä‘Ãªm	True			False							True			True	True			REGULAR	True	https://www.airbnb.com.vn/rooms/13303070	7	True
		None		None	Lotuscondo á»Ÿ Há»“ Guom, Khu phá»‘ cá»•,NhÃ  thá» Äá»©c BÃ ,Táº¡ Hiá»‡n		HoÃ n Kiáº¿m					private_room	True				4,64 (11)		5	2			True	737940329799780624		True	True	None			True	{'__typename': 'Coordinate', 'latitude': 21.031085770064905, 'longitude': 105.85009574890137}		/ Ä‘Ãªm	True			False					True		True							REGULAR	True	https://www.airbnb.com.vn/rooms/737940329799780624		True
		None		None	Sunshine homes Oceanpark Gia LÃ¢m		None	False		True	False	entire_home					Má»›i	True	12	2				861280461910630044				None				{'__typename': 'Coordinate', 'latitude': 21.00397, 'longitude': 105.94662}		/ Ä‘Ãªm	True			False							True			True				REGULAR	True	https://www.airbnb.com.vn/rooms/861280461910630044		
		â‚«455.090		None	301-Lan 's homestay room 301 - Giáº£m 50%/1 thÃ¡ng		Hanoi	False			False	private_room	True				4,8 (5)		7	1				21703825				None				{'__typename': 'Coordinate', 'latitude': 21.02547, 'longitude': 105.85448}		/ Ä‘Ãªm	True			False				True						True				REGULAR	True	https://www.airbnb.com.vn/rooms/21703825		
True		None		None	TP04 CÄƒn há»™ 1 khÃ¡ch 1 ngá»§ rá»™ng rÃ£i cho gia Ä‘Ã¬nh		Hai BÃ  TrÆ°ng	False			False	private_room	True	False			Má»›i	True	23	4				879482411587738077				None				{'__typename': 'Coordinate', 'latitude': 21.0106295, 'longitude': 105.8514513}		/ Ä‘Ãªm	True			False				True						True	True			REGULAR	True	https://www.airbnb.com.vn/rooms/879482411587738077		True
		None		None	CÄƒn há»™ Ä‘áº§y Ä‘á»§ tiá»‡n nghi Ban CÃ´ng ThoÃ¡ng táº¡i TÃ¢y Há»“	True	TÃ¢y Há»“				False	private_room					Má»›i	True	15	2				871250827530481551		True		None			True	{'__typename': 'Coordinate', 'latitude': 21.05197, 'longitude': 105.83439}		/ Ä‘Ãªm	True			False							True			True				REGULAR	True	https://www.airbnb.com.vn/rooms/871250827530481551		True
		None		None	Trang bá»‹ Ä‘áº§y Ä‘á»§ 01 phÃ²ng ngá»§ giÃ¡ ráº» nháº¥t táº¡i Westlake	True	TÃ¢y Há»“	False			False	entire_home	True				4,6 (5)	True	7	2				44073634				None				{'__typename': 'Coordinate', 'latitude': 21.06494, 'longitude': 105.82811}		/ Ä‘Ãªm	True			False							True			True			True	REPRESENTATIVE	True	https://www.airbnb.com.vn/rooms/44073634		
True		â‚«302.977		None	Nice-Warm Stay	True	Äá»‘ng Äa	False			False	private_room		False			Má»›i	True	10	2				37364729				None	False			{'__typename': 'Coordinate', 'latitude': 21.01298, 'longitude': 105.84022}	1	/ Ä‘Ãªm	True			False							True			True				REGULAR	True	https://www.airbnb.com.vn/rooms/37364729	7	True
		None		None	Apartment - Hai Ba Trung District	True	Hai BÃ  TrÆ°ng	False			False	private_room	True				Má»›i	True	5	2				882899665207323588				None				{'__typename': 'Coordinate', 'latitude': 21.00327, 'longitude': 105.84625}		/ Ä‘Ãªm	True			False										True				REGULAR	True	https://www.airbnb.com.vn/rooms/882899665207323588		
		None		None	Homestay giÃ¡ ráº» táº¡i HoÃ n Kiáº¿m	True	HoÃ n Kiáº¿m	False			False	shared_room	True				Má»›i	True	5	16				885193839829363740				None				{'__typename': 'Coordinate', 'latitude': 21.021919, 'longitude': 105.8571716}		/ Ä‘Ãªm	True			False							True							REGULAR		https://www.airbnb.com.vn/rooms/885193839829363740		True
True		â‚«428.301		None	Sá»‘ng cÃ¹ng gia Ä‘Ã¬nh báº£n xá»© sá»‘ 5 (Tam Cá»‘c Studio)		Ba ÄÃ¬nh	False			False	private_room	True	True			4,8 (25)	True	24	3				35043502				None				{'__typename': 'Coordinate', 'latitude': 21.03593, 'longitude': 105.82236}	25	/ Ä‘Ãªm	True			False							True			True	True			REGULAR	True	https://www.airbnb.com.vn/rooms/35043502	6	True
True		â‚«342.678		None	Tá»• rá»‘i nÆ°á»›c - khÃ´ng gian riÃªng tÆ° vÃ  áº¥m cÃºng cho báº¡n	True	Tá»« LiÃªm	False		True	False	private_room		False			5,0 (9)	True	30	2				40108907			True	None				{'__typename': 'Coordinate', 'latitude': 21.0327, 'longitude': 105.74455}	9	/ Ä‘Ãªm	True			False							True				True			REGULAR		https://www.airbnb.com.vn/rooms/40108907	4	True
True		None		None	Sá»‘ng cÃ¹ng gia Ä‘Ã¬nh báº£n xá»© cá»§a dÃ¬ LiÃªn - CÄƒn há»™ Studio		Cáº§u Giáº¥y				False	private_room	True	False			None	True	18	2				35522957	True		True	None	False			{'__typename': 'Coordinate', 'latitude': 21.0349, 'longitude': 105.78348}	1	/ Ä‘Ãªm	True			False							True					True		REGULAR	True	https://www.airbnb.com.vn/rooms/35522957	4	
		â‚«435.000		None	CHUNG cÆ° TRUNG tÃ¢m & NGÃ‚N sÃ¡ch | 3 PHÃšT Ä‘áº¿n NHÃ€ HÃT OPERA HN		HoÃ n Kiáº¿m	False			False	entire_home	True				4,71 (7)	True	24	2				29992971				None				{'__typename': 'Coordinate', 'latitude': 21.02476, 'longitude': 105.85753}		/ Ä‘Ãªm	True	True		False				True					True	True				REGULAR		https://www.airbnb.com.vn/rooms/29992971		True
		â‚«399.412		None	NhÃ  áº¥m cÃºng! Studio Ä‘áº¹p! MÃ¡y giáº·t vÃ  mÃ¡y sáº¥y!	True	TÃ¢y Há»“	False			False	entire_home	True				None	True	18	2				767745551525121773				None				{'__typename': 'Coordinate', 'latitude': 21.06728, 'longitude': 105.82648}		/ Ä‘Ãªm	True			False										True				REGULAR		https://www.airbnb.com.vn/rooms/767745551525121773		
		None		None	PhÃ²ng tiÃªu chuáº©n trong V-studio 3		Tá»« LiÃªm	False			False	private_room					4,0 (4)	True	14	2				33177182				None				{'__typename': 'Coordinate', 'latitude': 21.01215, 'longitude': 105.77656}		/ Ä‘Ãªm	True		True	False					True		True			True			True	REGULAR	True	https://www.airbnb.com.vn/rooms/33177182		
		â‚«422.235		None	T30 Hanoi Homestay		None	False			False	entire_home					4,2 (5)	True	14	6				674251720192013530		True	True	None			True	{'__typename': 'Coordinate', 'latitude': 21.07469, 'longitude': 105.80048}		/ Ä‘Ãªm	True			False							True							REGULAR		https://www.airbnb.com.vn/rooms/674251720192013530		True
True		â‚«311.412		None	PhÃ²ng riÃªng gáº§n Äáº¡i há»c HÃ  Ná»™i		Thanh XuÃ¢n	False			False	private_room	True	False			None	True	19	2				42399247				None				{'__typename': 'Coordinate', 'latitude': 20.98617, 'longitude': 105.79594}	1	/ Ä‘Ãªm	True			False							True				True		True	REGULAR	True	https://www.airbnb.com.vn/rooms/42399247	4	True
		â‚«285.294		None	KhÃ¡ch sáº¡n Discovery áº¥m cÃºng cho má»™t ngÆ°á»i Ä‘á»™c thÃ¢n	True	HoÃ n Kiáº¿m	False			False	private_room	True				None		5	1				758147381663051289				None				{'__typename': 'Coordinate', 'latitude': 21.03404, 'longitude': 105.85194}		/ Ä‘Ãªm	True			False				True						True		True		REGULAR		https://www.airbnb.com.vn/rooms/758147381663051289		
